institution_id,tier,inst_type,city,state,openalex_id,ror_id,total_works,match_confidence,is_hub,nirf_institute_id,nirf_rank,nirf_score,nirf_year,canonical_name,latitude,longitude,geo_source
e9cc852d-c229-4457-a316-e8f38255c048,premier,IIT,Kharagpur,West Bengal,I145894827,03w5sq511,69750,manual,False,IR-O-U-0573,6,74.77,2024,Indian Institute of Technology Kharagpur,22.3146519,87.3099912,campus_indian_institute_of_technology_kharagpur
49837a23-0599-4a35-a43f-15be413cc1a0,premier,IIT,Mumbai,Maharashtra,I162827531,02qyf5152,63634,manual,False,IR-O-U-0306,3,81.37,2024,Indian Institute of Technology Bombay,19.133602,72.915631,campus_powai_iitb
62ed1d2c-52ae-4ba2-8c99-95f009b95972,premier,IIT,Chennai,Tamil Nadu,I24676775,03v0r5n49,0,manual,False,IR-O-U-0456,1,86.42,2024,Indian Institute of Technology Madras,12.9915,80.2337,campus_iit_madras
129be347-f8df-4fd2-b553-37ff0fd31af1,premier,IIT,Kanpur,Uttar Pradesh,I94234084,05pjsgx75,50817,manual,False,IR-O-I-1075,5,77.56,2024,Indian Institute of Technology Kanpur,26.513188,80.2364843,campus_indian_institute_of_technology_kanpur
0e3df575-bd15-41f1-821e-51c48763aa57,premier,IIT,New Delhi,Delhi,I68891433,049tgcd06,70217,manual,False,IR-O-I-1074,4,80.31,2024,Indian Institute of Technology Delhi,28.5455,77.1926,campus_iit_delhi
bb26b384-ecf2-4f86-8b53-dd74d42d8f05,premier,IIT,Guwahati,Assam,I1317621060,0022nd079,33254,manual,False,IR-O-U-0053,9,69.04,2024,Indian Institute of Technology Guwahati,26.1924788,91.6946357,campus_indian_institute_of_technology_guwahati
f755a6a4-7f5e-4286-a36e-f3db5550661d,premier,IIT,Roorkee,Uttarakhand,I154851008,00582g326,49898,manual,False,IR-O-U-0560,8,71.52,2024,Indian Institute of Technology Roorkee,29.8661656,77.8957348,campus_indian_institute_of_technology_roorkee
d51bcfb2-a187-49fa-9ebd-fd12ae98e331,premier,IIT,Bhubaneswar,Odisha,I99729588,04gx72j20,9485,manual,False,IR-E-U-0355,54,52.54,2024,Indian Institute of Technology Bhubaneswar,20.2961,85.8248,campus_iit_bbs
c4ff2815-fe99-4fc1-a6c3-402ac6322a76,premier,IIT,Gandhinagar,Gujarat,I27674431,0036p5w23,8988,manual,False,IR-O-U-0139,29,58.77,2024,Indian Institute of Technology Gandhinagar,23.2155,72.6858,campus_iit_gandhinagar
7553f510-4039-4c36-b5d3-2dd983d9bc70,premier,IIT,Hyderabad,Telangana,I65181880,01j4v3x97,19425,manual,False,IR-O-U-0013,12,66.69,2024,Indian Institute of Technology Hyderabad,17.4224884,78.5404469,campus_indian_institute_of_technology_hyderabad
5bcb34a1-ac72-47e1-9dd5-b295d7e8664f,premier,IIT,Jodhpur,Rajasthan,I154549908,03yacj906,8298,manual,False,IR-O-U-0395,68,52.24,2024,Indian Institute of Technology Jodhpur,26.4729401,73.1143375,campus_indian_institute_of_technology_jodhpur
ff60ecf0-39c2-4a17-a941-2b03df4ce12b,premier,IIT,Patna,Bihar,I132153292,01ft5vz71,9382,manual,False,IR-O-U-0064,73,51.24,2024,Indian Institute of Technology Patna,25.5424381,84.8516072,campus_indian_institute_of_technology_patna
aa83bbde-9db5-4ca5-ab64-f2cec6d6f46f,premier,IIT,Rupnagar,Punjab,I119241673,02qkhhn56,8219,manual,False,IR-O-U-0378,48,54.12,2024,Indian Institute of Technology Ropar,30.9659501,76.4729772,campus_indian_institute_of_technology_ropar
92004806-cba2-4966-9ebf-9f31bc5a9597,premier,IIT,Indore,Madhya Pradesh,I64295750,01hhf7w52,23705,manual,False,IR-O-U-0273,33,57.31,2024,Indian Institute of Technology Indore,22.5269276,75.9262066,campus_indian_institute_of_technology_indore
e98e91f3-ef30-41ea-b7e9-c708270266ba,premier,IIT,Mandi,Himachal Pradesh,I9579091,05r9r2f34,7864,manual,False,IR-O-U-0184,72,51.68,2024,Indian Institute of Technology Mandi,31.7063321,76.9385693,campus_indian_institute_of_technology_mandi
5f90b565-15b8-4035-ab58-963431c3275d,premier,IIT,Varanasi,Uttar Pradesh,I56404289,01kh5gc44,15500,manual,False,IR-O-U-0701,30,58.69,2024,Indian Institute of Technology (BHU) Varanasi,25.2621544,82.9925896,campus_indian_institute_of_technology_bhu_varan
f557894b-a324-439c-a6a7-f6d2a87a6bed,premier,IIT,Palakkad,Kerala,I4210113248,0264cg909,0,manual,False,IR-E-U-0878,64,50.24,2024,Indian Institute of Technology Palakkad,10.7905,76.6548,campus_iit_palakkad
7b3d00a5-49ca-420b-a758-0534ef4fedc2,premier,IIT,Tirupati,Andhra Pradesh,I4210109292,01xtkxh20,2965,manual,False,IR-E-U-0844,61,50.58,2024,Indian Institute of Technology Tirupati,13.712786,79.5899932,campus_indian_institute_of_technology_tirupati
6f93f0ad-7358-4fd0-bc47-0a62092ca0ac,premier,IIT,Dhanbad,Jharkhand,I189109744,013v3cc28,22164,manual,False,IR-O-U-0205,35,56.97,2024,Indian Institute of Technology (ISM) Dhanbad,23.7956,86.4302,campus_iit_dhanbad
732980be-8d6a-4c03-8a1c-dcd5b939e27f,premier,IIT,Bhilai,Chhattisgarh,I4210121466,02sscsx71,4158,manual,False,IR-E-U-0946,73,48.8,2024,Indian Institute of Technology Bhilai,21.254,81.554,campus_iit_bhilai
a2b7b421-2ef8-4071-80e7-dcafdc7c3ecf,premier,IIT,Goa,Goa,I4210112052,02v7trd43,1850,manual,False,,,,,Indian Institute of Technology Goa,15.4232905,73.9789313,campus_indian_institute_of_technology_goa
f6a0e07c-58dc-463e-8e04-d8d08a9a7342,premier,IIT,Jammu,Jammu and Kashmir,I4210127441,02f0vsw63,3667,manual,False,IR-E-U-0906,62,50.53,2024,Indian Institute of Technology Jammu,32.8022368,74.8913825,campus_indian_institute_of_technology_jammu
1a5bd65a-cf0d-45e2-8735-5434d64998b8,premier,IIT,Dharwad,Karnataka,I4210152718,0509djg30,2505,manual,False,,,,,Indian Institute of Technology Dharwad,15.4862017,74.9385785,campus_indian_institute_of_technology_dharwad
6fb57ff7-f044-4eb9-b7d6-bebdef022df4,premier,IISc,Bengaluru,Karnataka,I59270414,04dese585,87588,manual,False,IR-O-U-0220,2,83.28,2024,Indian Institute of Science,13.0222347,77.5671832,campus_indian_institute_of_science
2dbad614-cedc-4bdc-a02e-8a66054a8bd9,premier,Central_Univ,New Delhi,Delhi,I63739035,02dwcqs71,81726,openalex_auto,False,IR-D-N-15,1,94.46,2024,All India Institute of Medical Sciences,28.5667,77.209,campus_aiims
4d6717be-0714-4972-b1d4-571c58d9a46f,premier,Central_Univ,New Delhi,Delhi,I110166357,04gzb2213,78527,openalex_auto,False,IR-O-U-0120,15,64.81,2024,University of Delhi,28.6829,77.2065,campus_du_north
fd56c1b8-3390-4d13-9121-2b061d0b11ac,premier,Central_Univ,Vellore,Tamil Nadu,I876193797,00qzypv28,71015,openalex_auto,False,IR-E-U-0490,11,66.22,2024,Vellore Institute of Technology University,12.9692,79.1559,campus_vit
672214f6-22a9-4d55-8c6c-5b28a5159516,premier,Central_Univ,Varanasi,Uttar Pradesh,I91357014,04cdn2797,70815,openalex_auto,False,IR-O-U-0500,11,67.56,2024,Banaras Hindu University,25.2663747,82.9904648,campus_banaras_hindu_university
47b972a6-fdf5-499c-a99f-fd0fedb15993,premier,Central_Univ,Chennai,Tamil Nadu,I85461943,0034me914,56020,openalex_auto,False,,,,,Saveetha University,13.0549,80.2832,campus_saveetha
131f1481-eede-4a15-a738-57b4c90b26ad,premier,Central_Univ,Chandigarh,,I45294948,009nfym65,50838,openalex_auto,False,IR-O-U-0446,73,48.36,2024,Post Graduate Institute of Medical Education and Research,30.764,76.7754,campus_pgi
c7f37aac-de96-454a-bf3d-af0ff418e79e,premier,Central_Univ,Manipal,Karnataka,I164861460,02xzytt36,50271,openalex_auto,False,IR-O-U-0234,14,64.94,2024,Manipal Academy of Higher Education,13.352,74.7869,campus_manipal
93e1f5b3-3c8f-4e18-a29b-afa586e5d865,premier,Central_Univ,Chennai,,I145286018,050113w36,46469,openalex_auto,False,,,,,SRM Institute of Science and Technology,12.8236,80.0442,campus_srm_chennai
4a1e94cf-f0b6-4560-ab2c-bd58ab8792ac,premier,Central_Univ,Jaipur,Rajasthan,I99552915,05arfhc56,46143,openalex_auto,False,,,,,University of Rajasthan,26.8912,75.8153,campus_rajasthan_univ
6627a151-3a0d-44f3-adf4-d5255e5a4cc9,premier,Central_Univ,Kolkata,,I170979836,02af4h012,45015,openalex_auto,False,IR-O-U-0575,17,63.84,2024,Jadavpur University,22.4995309,88.3715953,campus_jadavpur_university
0e011302-5676-4cf1-95b3-f0adc82f6893,premier,Central_Univ,Varanasi,,I51317819,04y75dx46,44427,openalex_auto,False,,,,,Institute of Medical Sciences,25.2622446,82.909614,campus_institute_of_medical_sciences
736be13b-21db-4757-bfac-35c77c891892,premier,Central_Univ,Chennai,Tamil Nadu,I33585257,01qhf1r47,40668,openalex_auto,False,IR-O-U-0439,20,62.77,2024,"Anna University, Chennai",13.0116,80.2362,campus_anna_univ
18ae8c5a-a263-4906-9d6a-25bf48ed31e6,premier,Central_Univ,Aligarh,Uttar Pradesh,I171210897,03kw9gc02,38397,openalex_auto,False,IR-O-U-0496,16,64.17,2024,Aligarh Muslim University,27.9159,78.0812,campus_amu
bd7fc63e-4dd7-488f-8022-1332b3642dcf,premier,Central_Univ,Kolkata,West Bengal,I106542073,01e7v7w47,37832,openalex_auto,False,IR-M-S-8972,5,75.07,2024,University of Calcutta,22.5763,88.3639,campus_calcutta_univ
ae9d1da9-8ea6-45ab-ab98-70e36ba8a21b,premier,Central_Univ,Ghaziabad,Uttar Pradesh,I99364266,053rcsq61,35900,openalex_auto,False,IR-R-U-0713,11,64.2,2024,Academy of Scientific and Innovative Research,28.6545,77.4545,campus_acsir_ghaziabad
5aa5a4ff-8b68-4a33-87ae-4dce4f3d4a91,premier,Central_Univ,Coimbatore,Tamil Nadu,I81556334,03am10p12,32462,openalex_auto,False,IR-O-U-0436,18,63.81,2024,Amrita Vishwa Vidyapeetham,10.9024,76.9024,campus_amrita_coimbatore
1067ba73-ff68-46c5-b68e-4bf7cda57988,premier,Central_Univ,Phagwāra,,I110360157,00et6q107,32376,openalex_auto,False,IR-O-U-0379,45,54.58,2024,Lovely Professional University,31.2534122,75.7034029,campus_lovely_professional_university
2050b90e-0227-468a-8571-63864a963f7c,premier,Central_Univ,Chandigarh,,I51452335,04p2sbk06,32026,openalex_auto,False,IR-O-U-0078,60,52.99,2024,Panjab University,30.7639,76.7885,campus_panjab_univ
5bc14c1f-47f1-4ec9-89ba-e678e7ee486c,premier,Central_Univ,Pune,Maharashtra,I878213199,044g6d731,32012,openalex_auto,False,IR-O-U-0323,37,55.69,2024,Savitribai Phule Pune University,18.5535,73.8257,campus_sp_pune
b539f583-d8d6-437c-9ae4-5807681767b9,premier,Central_Univ,Mumbai,,I11947397,03ht1xw27,31986,openalex_auto,False,IR-R-U-0330,12,60.54,2024,Tata Institute of Fundamental Research,18.907124,72.804964,campus_colaba_tifr
fef15cf2-3c2a-4059-85a5-f9737b912a4c,premier,Central_Univ,Mohali,,I101407740,05t4pvx35,30008,openalex_auto,False,IR-O-U-0747,32,58.3,2024,Chandigarh University,30.732,76.731,campus_chandigarh_university
dc14b8e6-72b8-4c26-bec4-815435b7b8b7,premier,Central_Univ,New Delhi,,I152429107,0567v8t28,28941,openalex_auto,False,IR-O-U-0109,10,68.53,2024,Jawaharlal Nehru University,28.5383,77.166,campus_jnu
b49755e6-20af-465e-9c60-82974ede833a,premier,Central_Univ,Hyderabad,,I36893310,04a7rxb17,24908,openalex_auto,False,IR-O-U-0042,25,60.55,2024,University of Hyderabad,17.4530357,78.3270312,campus_university_of_hyderabad
ead97a8a-02d7-4f7b-b0b3-0a56f78257cb,premier,Central_Univ,Chidambaram,Tamil Nadu,I197081775,01x24z140,23779,openalex_auto,False,IR-P-U-0443,27,58.19,2024,Annamalai University,11.390716,79.7114928,campus_annamalai_university
f03f9fd4-2251-4e13-8c6c-5e3ca946f289,premier,Central_Univ,Bengaluru,Karnataka,I48018076,022tv9y30,23204,openalex_auto,False,IR-O-U-0217,90,48.66,2024,Christ University,12.9337799,77.6051611,campus_christ_university
d5b58b79-7727-4cac-b9d6-1735e93b2968,premier,Central_Univ,Noida,Uttar Pradesh,I191972202,02n9z0v62,23172,openalex_auto,False,IR-O-U-0497,49,54.04,2024,Amity University,28.5432229,77.3327483,campus_amity_university
ac8b1844-88b8-465a-9729-6f0ca11190f9,premier,Central_Univ,Chandigarh,,I74319210,057d6z539,23056,openalex_auto,False,IR-O-U-0373,90,46.47,2024,Chitkara University,30.5165,76.6598,campus_chitkara
3ccdda45-076a-4fcb-af38-2f4b09aa8ccb,premier,Central_Univ,Mumbai,,I200207707,02bv3zr67,22809,openalex_auto,False,IR-O-U-0304,27,60.13,2024,Homi Bhabha National Institute,19.0484,72.9254,campus_anushakti_hbni
d031820e-53e0-49a4-b0c5-edb3a7724b8a,premier,Central_Univ,Dehradun,,I60054993,03wqgqd89,22771,openalex_auto,False,IR-O-U-0555,79,50.58,2024,Graphic Era University,30.3165,78.0322,campus_graphic_era
0d8fc077-1885-4fe9-a175-49b042facab9,premier,Central_Univ,Kolkata,,I6498739,00q2w1j53,22762,openalex_auto,False,IR-O-U-0574,75,51.1,2024,Indian Statistical Institute,22.5258,88.3662,campus_isi_kolkata
0d9eda01-0613-4077-b69a-93861219bf67,premier,Central_Univ,New Delhi,Delhi,I59475050,00pnhhv55,22478,openalex_auto,False,IR-O-U-0108,13,66.0,2024,Jamia Millia Islamia,28.5617,77.28,campus_jamia
620c0800-344d-45c2-8c05-b0876f7dac8f,premier,Central_Univ,Vellore,Tamil Nadu,I172917736,00c7kvd80,22296,openalex_auto,False,IR-D-C-45654,3,75.11,2024,"Christian Medical College, Vellore",12.9249,79.1336,campus_cmc_vellore
edf10c4c-ca24-4805-b33c-ddf5428d22ff,premier,Central_Univ,Rourkela,,I16292982,011gmn932,22284,openalex_auto,False,IR-E-U-0357,19,63.38,2024,National Institute of Technology Rourkela,22.2501589,84.9066856,campus_national_institute_of_technology_rourkel
6f6f6042-e2c5-451a-a92d-2bc27b8fa5e4,premier,Central_Univ,Jaipur,,I83205935,0077k1j32,21672,openalex_auto,False,IR-E-U-0410,43,56.35,2024,Malaviya National Institute of Technology Jaipur,26.8727,75.8187,campus_mnit_jaipur
d93978d3-2c97-47c6-8d5a-b6472222104c,premier,Central_Univ,Pilāni,,I74796645,001p3jz28,21176,openalex_auto,False,IR-E-U-0391,20,63.04,2024,"Birla Institute of Technology and Science, Pilani",28.3672,75.6035,campus_bits_pilani
80153acc-b176-42b7-b0f1-dd40b152084d,premier,Central_Univ,Chennai,Tamil Nadu,I215927,04jmt9361,20912,openalex_auto,False,IR-O-I-1357,64,52.58,2024,University of Madras,13.0661,80.2713,campus_madras_univ
5866f537-6318-4586-bf6d-4433c5b4bbf7,state_affiliated,State_Univ,Tiruchchirappalli,,I122964287,047x65e68,20708,openalex_auto,False,IR-E-U-0467,9,66.88,2024,National Institute of Technology Tiruchirappalli,10.7587,78.8044,campus_nit_trichy
529bfa45-38b5-4fa3-ad24-0cdc1a731124,state_affiliated,State_Univ,Vijayawada,,I875944469,02k949197,20525,openalex_auto,False,IR-O-U-0020,22,57.98,2024,Koneru Lakshmaiah Education Foundation,16.5075,80.6466,campus_kl_university
e53966df-0e1d-4551-bffd-ab1bde3800e4,state_affiliated,State_Univ,Pune,Maharashtra,I244572783,005r2ww51,20370,openalex_auto,False,IR-O-U-0329,52,53.93,2024,Symbiosis International University,18.5364,73.8314,campus_symbiosis
d8caf76d-8ea5-44f6-939d-e450309d2de1,state_affiliated,State_Univ,Manipal,,I76414455,05hg48t65,20191,openalex_auto,False,IR-D-C-7242,9,67.42,2024,"Kasturba Medical College, Manipal",13.355,74.7862,campus_kmc_manipal
48e9b5fb-0b5b-42f0-a98b-cbc31d34b300,state_affiliated,State_Univ,Bhubaneswar,,I67357951,00k8zt527,20010,openalex_auto,False,,,,,KIIT University,20.3558,85.8138,campus_kiit
4521b7d6-9c9f-41f9-8061-593ae0c361dc,state_affiliated,State_Univ,Bengaluru,,I106826634,01cnqpt53,19558,openalex_auto,False,IR-O-U-0223,65,49.47,2024,Jain University,12.9181468,77.5919058,campus_jain_university
04e4f2b0-9883-4fb8-9c64-cb5b49d6b361,state_affiliated,State_Univ,Visakhapatnam,,I100887729,049skhf47,18808,openalex_auto,False,IR-O-U-0006,41,54.97,2024,Andhra University,17.7324,83.3265,campus_andhra_univ
4dec3aaa-d6ae-4b77-ac09-50d7bdc68bb2,state_affiliated,State_Univ,Chennai,Tamil Nadu,I43814544,01defpn95,18737,openalex_auto,False,IR-O-U-0474,85,49.52,2024,Sathyabama Institute of Science and Technology,12.8734977,80.2198655,campus_sathyabama_institute_of_science_and_tech
fb160d73-523e-4f2a-8052-11f55f43e268,state_affiliated,State_Univ,Puducherry,Puducherry,I175691731,01a3mef16,18558,openalex_auto,False,,,,,Pondicherry University,12.0271,79.8587,campus_pondicherry
0975bc21-a976-44a9-a251-f0e626168e55,state_affiliated,State_Univ,Hyderabad,Telangana,I8975392,030sjb889,17849,openalex_auto,False,IR-O-U-0027,70,52.02,2024,Osmania University,17.419,78.526,campus_osmania
2519526b-e995-469e-ae6f-8385feff245c,state_affiliated,State_Univ,Sonīpat,,I4210131147,037skf023,17606,openalex_auto,False,,,,,SRM University,28.9190359,77.1285878,campus_srm_university
1a4bb242-813a-46c1-8f5a-8782d5040d19,state_affiliated,State_Univ,Mumbai,Maharashtra,I169877490,032hdk172,17513,openalex_auto,False,IR-L-U-0886,31,51.7,2024,University of Mumbai,19.07609,72.851498,campus_kalina_mumbai_uni
90352157-ced6-4e2a-b6ef-515ed6cc5aac,state_affiliated,State_Univ,Bhubaneswar,Orissa,I193073490,056ep7w45,17506,openalex_auto,False,IR-O-U-0363,24,60.73,2024,Siksha O Anusandhan University,20.356,85.814,campus_soa_bhubaneswar
f520daa7-29f5-4b11-b9a4-9b02860351ec,state_affiliated,State_Univ,New Delhi,,I863896202,01ztcvt22,17403,openalex_auto,False,IR-O-U-0098,66,52.38,2024,Delhi Technological University,28.7506,77.1172,campus_dtu
c7c580b5-a5eb-45ec-9dde-854ee5af23c0,state_affiliated,State_Univ,Patiāla,,I162030827,00wdq3744,17053,openalex_auto,False,,,,,Thapar Institute of Engineering & Technology,30.339,76.3922,campus_thapar_patiala
52ef5836-d1be-4182-9b45-218b36478268,state_affiliated,State_Univ,Mumbai,Maharashtra,I167751958,00ykac431,17005,openalex_auto,False,IR-O-U-0308,56,53.38,2024,Institute of Chemical Technology,19.0239129,72.8587665,campus_institute_of_chemical_technology
1f4b5eaa-ddfb-448c-8805-4c0936e40f61,state_affiliated,State_Univ,Amritsar,,I165682329,05ghzpa93,16838,openalex_auto,False,,,,,Guru Nanak Dev University,31.6401718,74.8226685,campus_guru_nanak_dev_university
c1a7591c-a5be-413d-bcfb-050692c5edef,state_affiliated,State_Univ,Coimbatore,,I134900695,04fs90r60,16761,openalex_auto,False,IR-O-U-0485,84,47.03,2024,Tamil Nadu Agricultural University,11.0044,76.9308,campus_tnau
74aaf314-5e8c-4cde-9333-83e97345070d,state_affiliated,State_Univ,Tiruchchirappalli,Tamil Nadu,I4076070,02w7vnb60,16709,openalex_auto,False,IR-O-U-0448,55,53.47,2024,Bharathidasan University,10.6795,78.7094,campus_bharathidasan
d653d230-8e4e-4388-b50b-790fea6d666f,state_affiliated,State_Univ,Mangaluru,Karnataka,I11880225,01hz4v948,16602,openalex_auto,False,IR-E-U-0237,17,64.27,2024,National Institute of Technology Karnataka,13.0156,74.7963,campus_nitk_surathkal
0d1ac996-32b9-43ac-8e4f-e44cb90c8c1c,state_affiliated,State_Univ,Coimbatore,Tamil Nadu,I111575329,04fht8c22,16466,openalex_auto,False,IR-O-U-0447,44,54.81,2024,Bharathiar University,11.0389,77.0356,campus_bharathiar
b45c2598-3515-4da1-9660-75a5ff4428fa,state_affiliated,State_Univ,Warangal,,I121750182,017ebfz38,16383,openalex_auto,False,IR-E-U-0025,21,61.72,2024,National Institute of Technology Warangal,17.9833537,79.5335163,campus_national_institute_of_technology_waranga
5f71086b-ce24-4741-89c7-c8583ab5948c,state_affiliated,State_Univ,Saugor,Madhya Pradesh,I8977528,01xapxe37,16228,openalex_auto,False,,,,,Dr. Hari Singh Gour University,23.828,78.7715,campus_dhsgsu_sagar
d538b33b-7df6-426d-a326-e6336207fb5f,state_affiliated,State_Univ,Tirumala - Tirupati,Andhra Pradesh,I170558118,05weahn72,16061,openalex_auto,False,IR-O-U-0037,87,46.65,2024,Sri Venkateswara University,13.636,79.393,campus_svu_tirupati
eee22ec4-aa39-45b3-95e0-7f6250924a00,state_affiliated,State_Univ,Chennai,,I1330855593,05bc5bx80,16017,openalex_auto,False,IR-O-U-0489,96,46.22,2024,Vel Tech Rangarajan Dr. Sagunthala R&D Institute of Science and Technology,13.1868,80.0972,campus_veltech
d2ab91c0-a50d-44ef-b03b-6fab30b3d767,state_affiliated,State_Univ,Lucknow,Uttar Pradesh,I280994,00gvw6327,15992,openalex_auto,False,IR-D-U-0523,19,61.95,2024,King George's Medical University,26.8670236,80.9154604,campus_king_george_s_medical_university
7693ea92-ef4b-486f-96c6-89db3749c43e,state_affiliated,State_Univ,Visakhapatnam,Andhra Pradesh,I885392262,0440p1d37,15971,openalex_auto,False,,,,,GITAM University,17.778,83.3778,campus_gitam
b20ed218-ebd3-4a6b-a2c8-9bef7907b934,state_affiliated,State_Univ,Ludhiana,,I899646,02qbzdk74,15852,openalex_auto,False,IR-O-U-0381,80,50.55,2024,Punjab Agricultural University,30.9040094,75.8004222,campus_punjab_agricultural_university
104fe323-87bc-48e9-a752-22b34af999bb,state_affiliated,State_Univ,Lucknow,Uttar Pradesh,I186246823,03bdeag60,15701,openalex_auto,False,IR-O-U-0524,97,45.89,2024,University of Lucknow,26.9260863,80.9381237,campus_university_of_lucknow
cb03a5e5-b2f5-4e95-af9f-a170aab03713,state_affiliated,State_Univ,Kolkata,West Bengal,I165998391,050p6gz73,15459,openalex_auto,False,,,,,Indian Association for the Cultivation of Science,22.5386,88.3964,campus_iacs
d601a25e-5d3b-4d71-aa65-699b49346b71,state_affiliated,State_Univ,Pune,,I887998513,0052mmx10,15275,openalex_auto,False,IR-O-I-1361,78,47.94,2024,Bharati Vidyapeeth Deemed University,18.4593068,73.8569804,campus_bharati_vidyapeeth_deemed_university
b2d3eebd-0307-42ad-9f36-2a10b73de285,state_affiliated,State_Univ,Prayagraj,,I168893459,03vrx7m55,15210,openalex_auto,False,,,,,University of Allahabad,25.4297089,81.7728296,campus_university_of_allahabad
e1b3f8dc-6b5d-403e-ac6f-b1a3573c4021,state_affiliated,State_Univ,Kalyani,,I77501641,03v783k16,15058,openalex_auto,False,,,,,University of Kalyani,22.9848568,88.446038,campus_university_of_kalyani
ac895106-caa3-41c5-8959-084d58f9383c,state_affiliated,State_Univ,Mysuru,Karnataka,I204743663,012bxv356,15014,openalex_auto,False,IR-O-U-0235,86,49.45,2024,University of Mysore,12.3059327,76.6403692,campus_university_of_mysore
282dc4ff-9668-4730-a565-5fc0ae4aa9f3,state_affiliated,State_Univ,Bhopal,Madhya Pradesh,I4210106490,01rs0zz87,14787,openalex_auto,False,IR-D-U-0687,31,57.66,2024,All India Institute of Medical Sciences Bhopal,23.2093426,77.4584547,campus_all_india_institute_of_medical_sciences
d56d1ee4-862c-4274-8441-c2db9590627d,state_affiliated,State_Univ,Akola,,I4210144496,04ayk8723,14727,openalex_auto,False,,,,,"G.S. Science, Arts And Commerce College",20.7161,76.5619,campus_gs_college_khamgaon
f7c6962b-4442-458c-90b7-eec41137a0d9,state_affiliated,State_Univ,Howrah,,I98365261,02ytfzr55,14588,openalex_auto,False,IR-E-U-0584,49,54.17,2024,"Indian Institute of Engineering Science and Technology, Shibpur",22.555,88.351,campus_iiest_shibpur
38518a3c-9425-41d0-8068-2e2332a46de1,state_affiliated,State_Univ,Raipur,Chhattisgarh,I129734738,02ys8pq62,14417,openalex_auto,False,IR-D-U-0690,38,55.27,2024,All India Institute of Medical Sciences Raipur,21.256146,81.5788694,campus_all_india_institute_of_medical_sciences
e952e5d1-7eb4-40a2-88a2-3dc7118e2255,state_affiliated,State_Univ,Ernakulam,,I20497027,00a4kqq17,14376,openalex_auto,False,IR-O-U-0253,51,53.99,2024,Cochin University of Science and Technology,10.0449079,76.3261437,campus_cochin_university_of_science_and_technol
8a91aa93-1bba-4381-a03c-d032be364f69,state_affiliated,State_Univ,Dehradun,Uttarakhand,I5847235,04q2jes40,14346,openalex_auto,False,IR-O-U-0564,46,54.02,2024,University of Petroleum and Energy Studies,30.2958,77.9956,campus_upes
646437d3-b8bf-4df0-933f-437279dffc88,state_affiliated,State_Univ,Puducherry,,I61923386,02fq2px14,14324,openalex_auto,False,IR-O-U-0368,39,55.51,2024,Jawaharlal Institute of Post Graduate Medical Education and Research,11.9564,79.8057,campus_jipmer
a6628147-0d10-4564-bae9-b8be8be7cd21,state_affiliated,State_Univ,Surat,Gujarat,I42014448,02y394t43,14209,openalex_auto,False,IR-E-U-0149,59,51.04,2024,Sardar Vallabhbhai National Institute of Technology Surat,21.1634495,72.7861213,campus_sardar_vallabhbhai_national_institute_of
c9e12928-adad-470b-bcc3-a64f958bd34b,state_affiliated,State_Univ,Ajmer,,I76777374,056y7zx62,14194,openalex_auto,False,IR-P-U-0392,29,57.65,2024,Central University of Rajasthan,26.6276045,75.0288021,campus_central_university_of_rajasthan
8f79bb14-2687-41a1-a556-23a0a56f5210,state_affiliated,State_Univ,Kolkata,,I157674215,04xgbph11,13750,openalex_auto,False,,,,,Presidency University,22.7757,88.3647,campus_presidency
9657935b-6b9b-4504-9bec-eb245e65da0f,state_affiliated,State_Univ,Thiruvananthapuram,Kerala,I129862065,007fenw03,13750,openalex_auto,False,IR-D-C-48124,42,52.3,2024,Government Medical College,8.8114405,76.7499316,campus_government_medical_college
a216703f-5b10-44cb-8fe0-11f6ff1cd1bd,state_affiliated,State_Univ,Durgapur,,I155837530,04ds0jm32,13599,openalex_auto,False,IR-E-U-0577,44,56.26,2024,National Institute of Technology Durgapur,23.5486963,87.2910571,campus_national_institute_of_technology_durgapu
5cb3587e-a197-4ece-8d45-9f364c87990f,state_affiliated,State_Univ,New Delhi,,I19716509,03dwxvb85,13569,openalex_auto,False,IR-O-U-0107,62,52.83,2024,Jamia Hamdard,28.5165,77.2498,campus_jamia_hamdard
4aeb5e4d-7ee0-4ca2-a8ed-10cf13445ffc,state_affiliated,State_Univ,Mathura,,I82571370,05fnxgv12,13547,openalex_auto,False,,,,,GLA University,27.603,77.294,campus_gla_mathura
4aa00129-4c2f-4e57-9053-cbf0c58dd2c1,state_affiliated,State_Univ,Srinagar,,I135388327,032xfst36,13532,openalex_auto,False,IR-O-U-0196,69,52.14,2024,University of Kashmir,34.133915,74.8367448,campus_university_of_kashmir
338f6c5e-2956-40cf-80ce-2047521fc9ef,state_affiliated,State_Univ,Ranchi,,I115715567,028vtqb15,13467,openalex_auto,False,IR-E-U-0202,48,54.18,2024,"Birla Institute of Technology, Mesra",23.3432,85.3094,campus_bit_mesra
8c466cdb-a2a4-4bf0-856f-f28560ed0e3b,state_affiliated,State_Univ,Porur,Tamil Nadu,I20107917,0108gdg43,13397,openalex_auto,False,IR-O-I-1486,96,48.1,2024,Sri Ramachandra Institute of Higher Education and Research,13.0415,80.144,campus_sri_ramachandra
cb1e371e-ffd1-4175-974b-b91e8cbe4ea1,state_affiliated,State_Univ,Greater Noida,,I155125381,02w8ba206,13368,openalex_auto,False,IR-M-U-0643,98,42.9,2024,Galgotias University,28.4961,77.536,campus_galgotias
20a76e3b-d397-44ea-a50b-42ad2940af51,state_affiliated,State_Univ,Patiāla,Punjab,I79161377,00xdn8y92,13367,openalex_auto,False,IR-P-U-0383,46,51.33,2024,Punjabi University,30.3580954,76.4503254,campus_punjabi_university
b2210d61-d364-40bd-abfa-2d7b5023d562,state_affiliated,State_Univ,Kolhāpur,Maharashtra,I141641110,01bsn4x02,13322,openalex_auto,False,,,,,Shivaji University,16.6779671,74.2515616,campus_shivaji_university
81dfed4d-dcca-4b15-8548-b5b5d98fa6c4,state_affiliated,State_Univ,Thanjavur,,I932239252,032jk8892,13274,openalex_auto,False,,,,,SASTRA University,10.9628655,79.3853065,campus_sastra_university
36d17eae-f23d-4896-8bb8-848c7ba25547,state_affiliated,State_Univ,Mangaluru,Karnataka,I19008122,05fep3933,13069,openalex_auto,False,,,,,Mangalore University,12.8767,74.8356,campus_mangalore_univ
149ca745-c80a-4eb3-97bd-36ad7d8e4b2b,state_affiliated,State_Univ,Ludhiana,Punjab,I4210108783,01vj9qy35,13056,openalex_auto,False,IR-D-C-29209,49,50.96,2024,Christian Medical College,30.9106068,75.8628985,campus_christian_medical_college
5374b462-1d87-4026-a9dd-901a6e394a62,state_affiliated,State_Univ,Hyderabad,Telangana,I10874241,002tchr49,12883,openalex_auto,False,IR-E-U-0017,88,45.78,2024,"Jawaharlal Nehru Technological University, Hyderabad",17.4982,78.3916,campus_jntu_hyd
a281fcbb-f4c9-4634-9e3a-a1aa7b0c9321,state_affiliated,State_Univ,Coimbatore,,I65220239,00ssvzv66,12793,openalex_auto,False,,,,,Karpagam Academy of Higher Education,11.0282,77.0143,campus_karpagam
73f788c8-33d5-4d60-9d7a-bb3fd5221d14,state_affiliated,State_Univ,Thiruvananthapuram,Kerala,I158338959,05tqa9940,12684,openalex_auto,False,IR-O-U-0260,38,55.61,2024,University of Kerala,8.5589987,76.8792581,campus_university_of_kerala
