ranking_year,ranking_category,institute_id,institute_name,state,city,academic_year,category,value,unit
2024,Overall,IR-O-U-0573,Indian Institute of Technology Kharagpur,West Bengal,Kharagpur,2022-23,Number of sponsored projects,956.0,value in Absolute Number
2024,Overall,IR-O-U-0573,Indian Institute of Technology Kharagpur,West Bengal,Kharagpur,2021-22,Number of sponsored projects,931.0,value in Absolute Number
2024,Overall,IR-O-U-0573,Indian Institute of Technology Kharagpur,West Bengal,Kharagpur,2020-21,Number of sponsored projects,913.0,value in Absolute Number
2024,Overall,IR-O-U-0573,Indian Institute of Technology Kharagpur,West Bengal,Kharagpur,2022-23,Amount received (INR),1938160422.0,value in Rupees
2024,Overall,IR-O-U-0573,Indian Institute of Technology Kharagpur,West Bengal,Kharagpur,2021-22,Amount received (INR),1618621436.0,value in Rupees
2024,Overall,IR-O-U-0573,Indian Institute of Technology Kharagpur,West Bengal,Kharagpur,2020-21,Amount received (INR),1027068418.0,value in Rupees
2024,Overall,IR-O-U-0573,Indian Institute of Technology Kharagpur,West Bengal,Kharagpur,2022-23,Amount received (INR),371638884.0,value in Rupees
2024,Overall,IR-O-U-0573,Indian Institute of Technology Kharagpur,West Bengal,Kharagpur,2021-22,Amount received (INR),340009000.0,value in Rupees
2024,Overall,IR-O-U-0573,Indian Institute of Technology Kharagpur,West Bengal,Kharagpur,2020-21,Amount received (INR),231000000.0,value in Rupees
2024,Overall,IR-O-U-0306,Indian Institute of Technology Bombay,Maharashtra,Mumbai,2022-23,Number of sponsored projects,1378.0,value in Absolute Number
2024,Overall,IR-O-U-0306,Indian Institute of Technology Bombay,Maharashtra,Mumbai,2021-22,Number of sponsored projects,1334.0,value in Absolute Number
2024,Overall,IR-O-U-0306,Indian Institute of Technology Bombay,Maharashtra,Mumbai,2020-21,Number of sponsored projects,1565.0,value in Absolute Number
2024,Overall,IR-O-U-0306,Indian Institute of Technology Bombay,Maharashtra,Mumbai,2022-23,Amount received (INR),4762663592.0,value in Rupees
2024,Overall,IR-O-U-0306,Indian Institute of Technology Bombay,Maharashtra,Mumbai,2021-22,Amount received (INR),4352399044.0,value in Rupees
2024,Overall,IR-O-U-0306,Indian Institute of Technology Bombay,Maharashtra,Mumbai,2020-21,Amount received (INR),3153551935.0,value in Rupees
2024,Overall,IR-O-U-0306,Indian Institute of Technology Bombay,Maharashtra,Mumbai,2022-23,Amount received (INR),996328396.0,value in Rupees
2024,Overall,IR-O-U-0306,Indian Institute of Technology Bombay,Maharashtra,Mumbai,2021-22,Amount received (INR),668900000.0,value in Rupees
2024,Overall,IR-O-U-0306,Indian Institute of Technology Bombay,Maharashtra,Mumbai,2020-21,Amount received (INR),481600000.0,value in Rupees
2024,Overall,IR-O-U-0053,Indian Institute of Technology Guwahati,Assam,Guwahati,2022-23,Number of sponsored projects,330.0,value in Absolute Number
2024,Overall,IR-O-U-0053,Indian Institute of Technology Guwahati,Assam,Guwahati,2021-22,Number of sponsored projects,308.0,value in Absolute Number
2024,Overall,IR-O-U-0053,Indian Institute of Technology Guwahati,Assam,Guwahati,2020-21,Number of sponsored projects,293.0,value in Absolute Number
2024,Overall,IR-O-U-0053,Indian Institute of Technology Guwahati,Assam,Guwahati,2022-23,Amount received (INR),1446656015.0,value in Rupees
2024,Overall,IR-O-U-0053,Indian Institute of Technology Guwahati,Assam,Guwahati,2021-22,Amount received (INR),1402100000.0,value in Rupees
2024,Overall,IR-O-U-0053,Indian Institute of Technology Guwahati,Assam,Guwahati,2020-21,Amount received (INR),1964400000.0,value in Rupees
2024,Overall,IR-O-U-0053,Indian Institute of Technology Guwahati,Assam,Guwahati,2022-23,Amount received (INR),359698554.0,value in Rupees
2024,Overall,IR-O-U-0053,Indian Institute of Technology Guwahati,Assam,Guwahati,2021-22,Amount received (INR),116400000.0,value in Rupees
2024,Overall,IR-O-U-0053,Indian Institute of Technology Guwahati,Assam,Guwahati,2020-21,Amount received (INR),89700000.0,value in Rupees
2024,Overall,IR-O-U-0560,Indian Institute of Technology Roorkee,Uttarakhand,Roorkee,2022-23,Number of sponsored projects,188.0,value in Absolute Number
2024,Overall,IR-O-U-0560,Indian Institute of Technology Roorkee,Uttarakhand,Roorkee,2021-22,Number of sponsored projects,201.0,value in Absolute Number
2024,Overall,IR-O-U-0560,Indian Institute of Technology Roorkee,Uttarakhand,Roorkee,2020-21,Number of sponsored projects,148.0,value in Absolute Number
2024,Overall,IR-O-U-0560,Indian Institute of Technology Roorkee,Uttarakhand,Roorkee,2022-23,Amount received (INR),1048728402.0,value in Rupees
2024,Overall,IR-O-U-0560,Indian Institute of Technology Roorkee,Uttarakhand,Roorkee,2021-22,Amount received (INR),785161466.0,value in Rupees
2024,Overall,IR-O-U-0560,Indian Institute of Technology Roorkee,Uttarakhand,Roorkee,2020-21,Amount received (INR),700795341.0,value in Rupees
2024,Overall,IR-O-U-0560,Indian Institute of Technology Roorkee,Uttarakhand,Roorkee,2022-23,Amount received (INR),843166241.0,value in Rupees
2024,Overall,IR-O-U-0560,Indian Institute of Technology Roorkee,Uttarakhand,Roorkee,2021-22,Amount received (INR),594570588.0,value in Rupees
2024,Overall,IR-O-U-0560,Indian Institute of Technology Roorkee,Uttarakhand,Roorkee,2020-21,Amount received (INR),424494234.0,value in Rupees
2024,Overall,IR-O-U-0139,Indian Institute of Technology Gandhinagar,Gujarat,Gandhinagar,2022-23,Number of sponsored projects,262.0,value in Absolute Number
2024,Overall,IR-O-U-0139,Indian Institute of Technology Gandhinagar,Gujarat,Gandhinagar,2021-22,Number of sponsored projects,242.0,value in Absolute Number
2024,Overall,IR-O-U-0139,Indian Institute of Technology Gandhinagar,Gujarat,Gandhinagar,2020-21,Number of sponsored projects,255.0,value in Absolute Number
2024,Overall,IR-O-U-0139,Indian Institute of Technology Gandhinagar,Gujarat,Gandhinagar,2022-23,Amount received (INR),575094530.0,value in Rupees
2024,Overall,IR-O-U-0139,Indian Institute of Technology Gandhinagar,Gujarat,Gandhinagar,2021-22,Amount received (INR),349666660.0,value in Rupees
2024,Overall,IR-O-U-0139,Indian Institute of Technology Gandhinagar,Gujarat,Gandhinagar,2020-21,Amount received (INR),304175024.0,value in Rupees
2024,Overall,IR-O-U-0139,Indian Institute of Technology Gandhinagar,Gujarat,Gandhinagar,2022-23,Amount received (INR),67879352.0,value in Rupees
2024,Overall,IR-O-U-0139,Indian Institute of Technology Gandhinagar,Gujarat,Gandhinagar,2021-22,Amount received (INR),29238348.0,value in Rupees
2024,Overall,IR-O-U-0139,Indian Institute of Technology Gandhinagar,Gujarat,Gandhinagar,2020-21,Amount received (INR),20855000.0,value in Rupees
2024,Overall,IR-O-U-0395,Indian Institute of Technology Jodhpur,Rajasthan,Jodhpur,2022-23,Number of sponsored projects,269.0,value in Absolute Number
2024,Overall,IR-O-U-0395,Indian Institute of Technology Jodhpur,Rajasthan,Jodhpur,2021-22,Number of sponsored projects,220.0,value in Absolute Number
2024,Overall,IR-O-U-0395,Indian Institute of Technology Jodhpur,Rajasthan,Jodhpur,2020-21,Number of sponsored projects,142.0,value in Absolute Number
2024,Overall,IR-O-U-0395,Indian Institute of Technology Jodhpur,Rajasthan,Jodhpur,2022-23,Amount received (INR),371553394.0,value in Rupees
2024,Overall,IR-O-U-0395,Indian Institute of Technology Jodhpur,Rajasthan,Jodhpur,2021-22,Amount received (INR),477446648.0,value in Rupees
2024,Overall,IR-O-U-0395,Indian Institute of Technology Jodhpur,Rajasthan,Jodhpur,2020-21,Amount received (INR),267786546.0,value in Rupees
2024,Overall,IR-O-U-0395,Indian Institute of Technology Jodhpur,Rajasthan,Jodhpur,2022-23,Amount received (INR),156169784.0,value in Rupees
2024,Overall,IR-O-U-0395,Indian Institute of Technology Jodhpur,Rajasthan,Jodhpur,2021-22,Amount received (INR),75242765.0,value in Rupees
2024,Overall,IR-O-U-0395,Indian Institute of Technology Jodhpur,Rajasthan,Jodhpur,2020-21,Amount received (INR),23100596.0,value in Rupees
2024,Overall,IR-O-U-0273,Indian Institute of Technology Indore,Madhya Pradesh,Indore,2022-23,Number of sponsored projects,174.0,value in Absolute Number
2024,Overall,IR-O-U-0273,Indian Institute of Technology Indore,Madhya Pradesh,Indore,2021-22,Number of sponsored projects,206.0,value in Absolute Number
2024,Overall,IR-O-U-0273,Indian Institute of Technology Indore,Madhya Pradesh,Indore,2020-21,Number of sponsored projects,353.0,value in Absolute Number
2024,Overall,IR-O-U-0273,Indian Institute of Technology Indore,Madhya Pradesh,Indore,2022-23,Amount received (INR),330254903.0,value in Rupees
2024,Overall,IR-O-U-0273,Indian Institute of Technology Indore,Madhya Pradesh,Indore,2021-22,Amount received (INR),220649268.0,value in Rupees
2024,Overall,IR-O-U-0273,Indian Institute of Technology Indore,Madhya Pradesh,Indore,2020-21,Amount received (INR),256326631.0,value in Rupees
2024,Overall,IR-O-U-0273,Indian Institute of Technology Indore,Madhya Pradesh,Indore,2022-23,Amount received (INR),49463820.0,value in Rupees
2024,Overall,IR-O-U-0273,Indian Institute of Technology Indore,Madhya Pradesh,Indore,2021-22,Amount received (INR),34639900.0,value in Rupees
2024,Overall,IR-O-U-0273,Indian Institute of Technology Indore,Madhya Pradesh,Indore,2020-21,Amount received (INR),15656968.0,value in Rupees
2024,Overall,IR-O-N-15,All India Institute of Medical Sciences,Delhi,New Delhi,2022-23,Number of sponsored projects,904.0,value in Absolute Number
2024,Overall,IR-O-N-15,All India Institute of Medical Sciences,Delhi,New Delhi,2021-22,Number of sponsored projects,609.0,value in Absolute Number
2024,Overall,IR-O-N-15,All India Institute of Medical Sciences,Delhi,New Delhi,2020-21,Number of sponsored projects,618.0,value in Absolute Number
2024,Overall,IR-O-N-15,All India Institute of Medical Sciences,Delhi,New Delhi,2022-23,Amount received (INR),1970827533.0,value in Rupees
2024,Overall,IR-O-N-15,All India Institute of Medical Sciences,Delhi,New Delhi,2021-22,Amount received (INR),1018179784.0,value in Rupees
2024,Overall,IR-O-N-15,All India Institute of Medical Sciences,Delhi,New Delhi,2020-21,Amount received (INR),1033763736.0,value in Rupees
2024,Overall,IR-O-N-15,All India Institute of Medical Sciences,Delhi,New Delhi,2022-23,Amount received (INR),426991567.0,value in Rupees
2024,Overall,IR-O-N-15,All India Institute of Medical Sciences,Delhi,New Delhi,2021-22,Amount received (INR),460815701.0,value in Rupees
2024,Overall,IR-O-N-15,All India Institute of Medical Sciences,Delhi,New Delhi,2020-21,Amount received (INR),282061881.0,value in Rupees
2024,Overall,IR-O-U-0500,Banaras Hindu University,Uttar Pradesh,Varanasi,2022-23,Number of sponsored projects,648.0,value in Absolute Number
2024,Overall,IR-O-U-0500,Banaras Hindu University,Uttar Pradesh,Varanasi,2021-22,Number of sponsored projects,482.0,value in Absolute Number
2024,Overall,IR-O-U-0500,Banaras Hindu University,Uttar Pradesh,Varanasi,2020-21,Number of sponsored projects,459.0,value in Absolute Number
2024,Overall,IR-O-U-0500,Banaras Hindu University,Uttar Pradesh,Varanasi,2022-23,Amount received (INR),2069435606.0,value in Rupees
2024,Overall,IR-O-U-0500,Banaras Hindu University,Uttar Pradesh,Varanasi,2021-22,Amount received (INR),3589149887.0,value in Rupees
2024,Overall,IR-O-U-0500,Banaras Hindu University,Uttar Pradesh,Varanasi,2020-21,Amount received (INR),1573734919.0,value in Rupees
2024,Overall,IR-O-U-0500,Banaras Hindu University,Uttar Pradesh,Varanasi,2022-23,Amount received (INR),16753342.0,value in Rupees
2024,Overall,IR-O-U-0500,Banaras Hindu University,Uttar Pradesh,Varanasi,2021-22,Amount received (INR),12360000.0,value in Rupees
2024,Overall,IR-O-U-0500,Banaras Hindu University,Uttar Pradesh,Varanasi,2020-21,Amount received (INR),3548956.0,value in Rupees
2024,Overall,IR-O-U-0575,Jadavpur University,,Kolkata,2022-23,Number of sponsored projects,140.0,value in Absolute Number
2024,Overall,IR-O-U-0575,Jadavpur University,,Kolkata,2021-22,Number of sponsored projects,213.0,value in Absolute Number
2024,Overall,IR-O-U-0575,Jadavpur University,,Kolkata,2020-21,Number of sponsored projects,294.0,value in Absolute Number
2024,Overall,IR-O-U-0575,Jadavpur University,,Kolkata,2022-23,Amount received (INR),365928471.0,value in Rupees
2024,Overall,IR-O-U-0575,Jadavpur University,,Kolkata,2021-22,Amount received (INR),275198783.0,value in Rupees
2024,Overall,IR-O-U-0575,Jadavpur University,,Kolkata,2020-21,Amount received (INR),906971030.0,value in Rupees
2024,Overall,IR-O-U-0575,Jadavpur University,,Kolkata,2022-23,Amount received (INR),274038412.0,value in Rupees
2024,Overall,IR-O-U-0575,Jadavpur University,,Kolkata,2021-22,Amount received (INR),163177698.0,value in Rupees
2024,Overall,IR-O-U-0575,Jadavpur University,,Kolkata,2020-21,Amount received (INR),120390748.0,value in Rupees
2024,Overall,IR-O-U-0496,Aligarh Muslim University,Uttar Pradesh,Aligarh,2022-23,Number of sponsored projects,227.0,value in Absolute Number
2024,Overall,IR-O-U-0496,Aligarh Muslim University,Uttar Pradesh,Aligarh,2021-22,Number of sponsored projects,184.0,value in Absolute Number
2024,Overall,IR-O-U-0496,Aligarh Muslim University,Uttar Pradesh,Aligarh,2020-21,Number of sponsored projects,138.0,value in Absolute Number
2024,Overall,IR-O-U-0496,Aligarh Muslim University,Uttar Pradesh,Aligarh,2022-23,Amount received (INR),751286253.0,value in Rupees
2024,Overall,IR-O-U-0496,Aligarh Muslim University,Uttar Pradesh,Aligarh,2021-22,Amount received (INR),379815309.0,value in Rupees
2024,Overall,IR-O-U-0496,Aligarh Muslim University,Uttar Pradesh,Aligarh,2020-21,Amount received (INR),390209105.0,value in Rupees
2024,Overall,IR-O-U-0496,Aligarh Muslim University,Uttar Pradesh,Aligarh,2022-23,Amount received (INR),25075169.0,value in Rupees
2024,Overall,IR-O-U-0496,Aligarh Muslim University,Uttar Pradesh,Aligarh,2021-22,Amount received (INR),20974095.0,value in Rupees
2024,Overall,IR-O-U-0496,Aligarh Muslim University,Uttar Pradesh,Aligarh,2020-21,Amount received (INR),46368163.0,value in Rupees
2024,Overall,IR-O-U-0436,Amrita Vishwa Vidyapeetham,Tamil Nadu,Coimbatore,2022-23,Number of sponsored projects,124.0,value in Absolute Number
2024,Overall,IR-O-U-0436,Amrita Vishwa Vidyapeetham,Tamil Nadu,Coimbatore,2021-22,Number of sponsored projects,107.0,value in Absolute Number
2024,Overall,IR-O-U-0436,Amrita Vishwa Vidyapeetham,Tamil Nadu,Coimbatore,2020-21,Number of sponsored projects,140.0,value in Absolute Number
2024,Overall,IR-O-U-0436,Amrita Vishwa Vidyapeetham,Tamil Nadu,Coimbatore,2022-23,Amount received (INR),2604824076.0,value in Rupees
2024,Overall,IR-O-U-0436,Amrita Vishwa Vidyapeetham,Tamil Nadu,Coimbatore,2021-22,Amount received (INR),2413512577.0,value in Rupees
2024,Overall,IR-O-U-0436,Amrita Vishwa Vidyapeetham,Tamil Nadu,Coimbatore,2020-21,Amount received (INR),1113629808.0,value in Rupees
2024,Overall,IR-O-U-0436,Amrita Vishwa Vidyapeetham,Tamil Nadu,Coimbatore,2022-23,Amount received (INR),188993472.0,value in Rupees
2024,Overall,IR-O-U-0436,Amrita Vishwa Vidyapeetham,Tamil Nadu,Coimbatore,2021-22,Amount received (INR),137654996.0,value in Rupees
2024,Overall,IR-O-U-0436,Amrita Vishwa Vidyapeetham,Tamil Nadu,Coimbatore,2020-21,Amount received (INR),685333156.0,value in Rupees
2024,Overall,IR-O-U-0379,Lovely Professional University,,Phagwāra,2022-23,Number of sponsored projects,1014.0,value in Absolute Number
2024,Overall,IR-O-U-0379,Lovely Professional University,,Phagwāra,2021-22,Number of sponsored projects,176.0,value in Absolute Number
2024,Overall,IR-O-U-0379,Lovely Professional University,,Phagwāra,2020-21,Number of sponsored projects,52.0,value in Absolute Number
2024,Overall,IR-O-U-0379,Lovely Professional University,,Phagwāra,2022-23,Amount received (INR),2223000.0,value in Rupees
2024,Overall,IR-O-U-0379,Lovely Professional University,,Phagwāra,2021-22,Amount received (INR),5680000.0,value in Rupees
2024,Overall,IR-O-U-0379,Lovely Professional University,,Phagwāra,2020-21,Amount received (INR),4763610.0,value in Rupees
2024,Overall,IR-O-U-0379,Lovely Professional University,,Phagwāra,2022-23,Amount received (INR),64110734.0,value in Rupees
2024,Overall,IR-O-U-0379,Lovely Professional University,,Phagwāra,2021-22,Amount received (INR),46276142.0,value in Rupees
2024,Overall,IR-O-U-0379,Lovely Professional University,,Phagwāra,2020-21,Amount received (INR),26093488.0,value in Rupees
2024,Overall,IR-O-U-0323,Savitribai Phule Pune University,Maharashtra,Pune,2022-23,Number of sponsored projects,70.0,value in Absolute Number
2024,Overall,IR-O-U-0323,Savitribai Phule Pune University,Maharashtra,Pune,2021-22,Number of sponsored projects,60.0,value in Absolute Number
2024,Overall,IR-O-U-0323,Savitribai Phule Pune University,Maharashtra,Pune,2020-21,Number of sponsored projects,95.0,value in Absolute Number
2024,Overall,IR-O-U-0323,Savitribai Phule Pune University,Maharashtra,Pune,2022-23,Amount received (INR),74580443.0,value in Rupees
2024,Overall,IR-O-U-0323,Savitribai Phule Pune University,Maharashtra,Pune,2021-22,Amount received (INR),389095394.0,value in Rupees
2024,Overall,IR-O-U-0323,Savitribai Phule Pune University,Maharashtra,Pune,2020-21,Amount received (INR),304996410.0,value in Rupees
2024,Overall,IR-O-U-0323,Savitribai Phule Pune University,Maharashtra,Pune,2022-23,Amount received (INR),4307436.0,value in Rupees
2024,Overall,IR-O-U-0323,Savitribai Phule Pune University,Maharashtra,Pune,2021-22,Amount received (INR),27434566.0,value in Rupees
2024,Overall,IR-O-U-0323,Savitribai Phule Pune University,Maharashtra,Pune,2020-21,Amount received (INR),35448810.0,value in Rupees
2024,Overall,IR-O-U-0747,Chandigarh University,,Mohali,2022-23,Number of sponsored projects,148.0,value in Absolute Number
2024,Overall,IR-O-U-0747,Chandigarh University,,Mohali,2021-22,Number of sponsored projects,120.0,value in Absolute Number
2024,Overall,IR-O-U-0747,Chandigarh University,,Mohali,2020-21,Number of sponsored projects,71.0,value in Absolute Number
2024,Overall,IR-O-U-0747,Chandigarh University,,Mohali,2022-23,Amount received (INR),641585000.0,value in Rupees
2024,Overall,IR-O-U-0747,Chandigarh University,,Mohali,2021-22,Amount received (INR),631984600.0,value in Rupees
2024,Overall,IR-O-U-0747,Chandigarh University,,Mohali,2020-21,Amount received (INR),539271966.0,value in Rupees
2024,Overall,IR-O-U-0747,Chandigarh University,,Mohali,2022-23,Amount received (INR),61890000.0,value in Rupees
2024,Overall,IR-O-U-0747,Chandigarh University,,Mohali,2021-22,Amount received (INR),153510260.0,value in Rupees
2024,Overall,IR-O-U-0747,Chandigarh University,,Mohali,2020-21,Amount received (INR),126344133.0,value in Rupees
2024,Overall,IR-O-U-0109,Jawaharlal Nehru University,,New Delhi,2022-23,Number of sponsored projects,193.0,value in Absolute Number
2024,Overall,IR-O-U-0109,Jawaharlal Nehru University,,New Delhi,2021-22,Number of sponsored projects,298.0,value in Absolute Number
2024,Overall,IR-O-U-0109,Jawaharlal Nehru University,,New Delhi,2020-21,Number of sponsored projects,302.0,value in Absolute Number
2024,Overall,IR-O-U-0109,Jawaharlal Nehru University,,New Delhi,2022-23,Amount received (INR),281390442.0,value in Rupees
2024,Overall,IR-O-U-0109,Jawaharlal Nehru University,,New Delhi,2021-22,Amount received (INR),298611768.0,value in Rupees
2024,Overall,IR-O-U-0109,Jawaharlal Nehru University,,New Delhi,2020-21,Amount received (INR),217895251.0,value in Rupees
2024,Overall,IR-O-U-0109,Jawaharlal Nehru University,,New Delhi,2022-23,Amount received (INR),2090723.0,value in Rupees
2024,Overall,IR-O-U-0109,Jawaharlal Nehru University,,New Delhi,2021-22,Amount received (INR),10918644.0,value in Rupees
2024,Overall,IR-O-U-0109,Jawaharlal Nehru University,,New Delhi,2020-21,Amount received (INR),2063847.0,value in Rupees
2024,Overall,IR-O-U-0304,Homi Bhabha National Institute,,Mumbai,2022-23,Number of sponsored projects,581.0,value in Absolute Number
2024,Overall,IR-O-U-0304,Homi Bhabha National Institute,,Mumbai,2021-22,Number of sponsored projects,500.0,value in Absolute Number
2024,Overall,IR-O-U-0304,Homi Bhabha National Institute,,Mumbai,2020-21,Number of sponsored projects,956.0,value in Absolute Number
2024,Overall,IR-O-U-0304,Homi Bhabha National Institute,,Mumbai,2022-23,Amount received (INR),7026084000.0,value in Rupees
2024,Overall,IR-O-U-0304,Homi Bhabha National Institute,,Mumbai,2021-22,Amount received (INR),5200875480.0,value in Rupees
2024,Overall,IR-O-U-0304,Homi Bhabha National Institute,,Mumbai,2020-21,Amount received (INR),2889072003.0,value in Rupees
2024,Overall,IR-O-U-0304,Homi Bhabha National Institute,,Mumbai,2022-23,Amount received (INR),2958950.0,value in Rupees
2024,Overall,IR-O-U-0304,Homi Bhabha National Institute,,Mumbai,2021-22,Amount received (INR),439008.0,value in Rupees
2024,Overall,IR-O-U-0304,Homi Bhabha National Institute,,Mumbai,2020-21,Amount received (INR),13260000.0,value in Rupees
2024,Overall,IR-O-U-0555,Graphic Era University,,Dehradun,2022-23,Number of sponsored projects,21.0,value in Absolute Number
2024,Overall,IR-O-U-0555,Graphic Era University,,Dehradun,2021-22,Number of sponsored projects,55.0,value in Absolute Number
2024,Overall,IR-O-U-0555,Graphic Era University,,Dehradun,2020-21,Number of sponsored projects,43.0,value in Absolute Number
2024,Overall,IR-O-U-0555,Graphic Era University,,Dehradun,2022-23,Amount received (INR),5482266.0,value in Rupees
2024,Overall,IR-O-U-0555,Graphic Era University,,Dehradun,2021-22,Amount received (INR),6405692.0,value in Rupees
2024,Overall,IR-O-U-0555,Graphic Era University,,Dehradun,2020-21,Amount received (INR),6469460.0,value in Rupees
2024,Overall,IR-O-U-0555,Graphic Era University,,Dehradun,2022-23,Amount received (INR),263416598.0,value in Rupees
2024,Overall,IR-O-U-0555,Graphic Era University,,Dehradun,2021-22,Amount received (INR),2500000.0,value in Rupees
2024,Overall,IR-O-U-0555,Graphic Era University,,Dehradun,2020-21,Amount received (INR),0.0,value in Rupees
2024,Overall,IR-O-U-0108,Jamia Millia Islamia,Delhi,New Delhi,2022-23,Number of sponsored projects,196.0,value in Absolute Number
2024,Overall,IR-O-U-0108,Jamia Millia Islamia,Delhi,New Delhi,2021-22,Number of sponsored projects,180.0,value in Absolute Number
2024,Overall,IR-O-U-0108,Jamia Millia Islamia,Delhi,New Delhi,2020-21,Number of sponsored projects,141.0,value in Absolute Number
2024,Overall,IR-O-U-0108,Jamia Millia Islamia,Delhi,New Delhi,2022-23,Amount received (INR),783988393.0,value in Rupees
2024,Overall,IR-O-U-0108,Jamia Millia Islamia,Delhi,New Delhi,2021-22,Amount received (INR),779349473.0,value in Rupees
2024,Overall,IR-O-U-0108,Jamia Millia Islamia,Delhi,New Delhi,2020-21,Amount received (INR),657668287.0,value in Rupees
2024,Overall,IR-O-U-0108,Jamia Millia Islamia,Delhi,New Delhi,2022-23,Amount received (INR),139300890.0,value in Rupees
2024,Overall,IR-O-U-0108,Jamia Millia Islamia,Delhi,New Delhi,2021-22,Amount received (INR),145628142.0,value in Rupees
2024,Overall,IR-O-U-0108,Jamia Millia Islamia,Delhi,New Delhi,2020-21,Amount received (INR),51028237.0,value in Rupees
2024,Overall,IR-O-U-0357,National Institute of Technology Rourkela,,Rourkela,2022-23,Number of sponsored projects,86.0,value in Absolute Number
2024,Overall,IR-O-U-0357,National Institute of Technology Rourkela,,Rourkela,2021-22,Number of sponsored projects,122.0,value in Absolute Number
2024,Overall,IR-O-U-0357,National Institute of Technology Rourkela,,Rourkela,2020-21,Number of sponsored projects,52.0,value in Absolute Number
2024,Overall,IR-O-U-0357,National Institute of Technology Rourkela,,Rourkela,2022-23,Amount received (INR),212303423.0,value in Rupees
2024,Overall,IR-O-U-0357,National Institute of Technology Rourkela,,Rourkela,2021-22,Amount received (INR),205450679.0,value in Rupees
2024,Overall,IR-O-U-0357,National Institute of Technology Rourkela,,Rourkela,2020-21,Amount received (INR),161744228.0,value in Rupees
2024,Overall,IR-O-U-0357,National Institute of Technology Rourkela,,Rourkela,2022-23,Amount received (INR),287418953.0,value in Rupees
2024,Overall,IR-O-U-0357,National Institute of Technology Rourkela,,Rourkela,2021-22,Amount received (INR),34140556.0,value in Rupees
2024,Overall,IR-O-U-0357,National Institute of Technology Rourkela,,Rourkela,2020-21,Amount received (INR),64034711.0,value in Rupees
2024,Overall,IR-O-U-0391,"Birla Institute of Technology and Science, Pilani",,Pilāni,2022-23,Number of sponsored projects,257.0,value in Absolute Number
2024,Overall,IR-O-U-0391,"Birla Institute of Technology and Science, Pilani",,Pilāni,2021-22,Number of sponsored projects,301.0,value in Absolute Number
2024,Overall,IR-O-U-0391,"Birla Institute of Technology and Science, Pilani",,Pilāni,2020-21,Number of sponsored projects,320.0,value in Absolute Number
2024,Overall,IR-O-U-0391,"Birla Institute of Technology and Science, Pilani",,Pilāni,2022-23,Amount received (INR),330600706.0,value in Rupees
2024,Overall,IR-O-U-0391,"Birla Institute of Technology and Science, Pilani",,Pilāni,2021-22,Amount received (INR),513082486.0,value in Rupees
2024,Overall,IR-O-U-0391,"Birla Institute of Technology and Science, Pilani",,Pilāni,2020-21,Amount received (INR),442930430.0,value in Rupees
2024,Overall,IR-O-U-0391,"Birla Institute of Technology and Science, Pilani",,Pilāni,2022-23,Amount received (INR),38969774.0,value in Rupees
2024,Overall,IR-O-U-0391,"Birla Institute of Technology and Science, Pilani",,Pilāni,2021-22,Amount received (INR),46518352.0,value in Rupees
2024,Overall,IR-O-U-0391,"Birla Institute of Technology and Science, Pilani",,Pilāni,2020-21,Amount received (INR),14951906.0,value in Rupees
2024,Overall,IR-O-U-0467,National Institute of Technology Tiruchirappalli,,Tiruchchirappalli,2022-23,Number of sponsored projects,47.0,value in Absolute Number
2024,Overall,IR-O-U-0467,National Institute of Technology Tiruchirappalli,,Tiruchchirappalli,2021-22,Number of sponsored projects,43.0,value in Absolute Number
2024,Overall,IR-O-U-0467,National Institute of Technology Tiruchirappalli,,Tiruchchirappalli,2020-21,Number of sponsored projects,24.0,value in Absolute Number
2024,Overall,IR-O-U-0467,National Institute of Technology Tiruchirappalli,,Tiruchchirappalli,2022-23,Amount received (INR),147760093.0,value in Rupees
2024,Overall,IR-O-U-0467,National Institute of Technology Tiruchirappalli,,Tiruchchirappalli,2021-22,Amount received (INR),165680107.0,value in Rupees
2024,Overall,IR-O-U-0467,National Institute of Technology Tiruchirappalli,,Tiruchchirappalli,2020-21,Amount received (INR),197466103.0,value in Rupees
2024,Overall,IR-O-U-0467,National Institute of Technology Tiruchirappalli,,Tiruchchirappalli,2022-23,Amount received (INR),76424673.0,value in Rupees
2024,Overall,IR-O-U-0467,National Institute of Technology Tiruchirappalli,,Tiruchchirappalli,2021-22,Amount received (INR),55604208.0,value in Rupees
2024,Overall,IR-O-U-0467,National Institute of Technology Tiruchirappalli,,Tiruchchirappalli,2020-21,Amount received (INR),36448972.0,value in Rupees
2024,Overall,IR-O-U-0027,Osmania University,Telangana,Hyderabad,2022-23,Number of sponsored projects,62.0,value in Absolute Number
2024,Overall,IR-O-U-0027,Osmania University,Telangana,Hyderabad,2021-22,Number of sponsored projects,56.0,value in Absolute Number
2024,Overall,IR-O-U-0027,Osmania University,Telangana,Hyderabad,2020-21,Number of sponsored projects,88.0,value in Absolute Number
2024,Overall,IR-O-U-0027,Osmania University,Telangana,Hyderabad,2022-23,Amount received (INR),247500000.0,value in Rupees
2024,Overall,IR-O-U-0027,Osmania University,Telangana,Hyderabad,2021-22,Amount received (INR),360000000.0,value in Rupees
2024,Overall,IR-O-U-0027,Osmania University,Telangana,Hyderabad,2020-21,Amount received (INR),524500000.0,value in Rupees
2024,Overall,IR-O-U-0027,Osmania University,Telangana,Hyderabad,2022-23,Amount received (INR),325500000.0,value in Rupees
2024,Overall,IR-O-U-0027,Osmania University,Telangana,Hyderabad,2021-22,Amount received (INR),502500000.0,value in Rupees
2024,Overall,IR-O-U-0027,Osmania University,Telangana,Hyderabad,2020-21,Amount received (INR),552200000.0,value in Rupees
2024,Overall,IR-O-U-0098,Delhi Technological University,,New Delhi,2022-23,Number of sponsored projects,15.0,value in Absolute Number
2024,Overall,IR-O-U-0098,Delhi Technological University,,New Delhi,2021-22,Number of sponsored projects,29.0,value in Absolute Number
2024,Overall,IR-O-U-0098,Delhi Technological University,,New Delhi,2020-21,Number of sponsored projects,31.0,value in Absolute Number
2024,Overall,IR-O-U-0098,Delhi Technological University,,New Delhi,2022-23,Amount received (INR),79947708.0,value in Rupees
2024,Overall,IR-O-U-0098,Delhi Technological University,,New Delhi,2021-22,Amount received (INR),90000000.0,value in Rupees
2024,Overall,IR-O-U-0098,Delhi Technological University,,New Delhi,2020-21,Amount received (INR),89404350.0,value in Rupees
2024,Overall,IR-O-U-0098,Delhi Technological University,,New Delhi,2022-23,Amount received (INR),110175366.0,value in Rupees
2024,Overall,IR-O-U-0098,Delhi Technological University,,New Delhi,2021-22,Amount received (INR),93514471.0,value in Rupees
2024,Overall,IR-O-U-0098,Delhi Technological University,,New Delhi,2020-21,Amount received (INR),96565157.0,value in Rupees
2024,Overall,IR-O-U-0308,Institute of Chemical Technology,Maharashtra,Mumbai,2022-23,Number of sponsored projects,171.0,value in Absolute Number
2024,Overall,IR-O-U-0308,Institute of Chemical Technology,Maharashtra,Mumbai,2021-22,Number of sponsored projects,197.0,value in Absolute Number
2024,Overall,IR-O-U-0308,Institute of Chemical Technology,Maharashtra,Mumbai,2020-21,Number of sponsored projects,114.0,value in Absolute Number
2024,Overall,IR-O-U-0308,Institute of Chemical Technology,Maharashtra,Mumbai,2022-23,Amount received (INR),298108295.0,value in Rupees
2024,Overall,IR-O-U-0308,Institute of Chemical Technology,Maharashtra,Mumbai,2021-22,Amount received (INR),415594558.0,value in Rupees
2024,Overall,IR-O-U-0308,Institute of Chemical Technology,Maharashtra,Mumbai,2020-21,Amount received (INR),252661675.0,value in Rupees
2024,Overall,IR-O-U-0308,Institute of Chemical Technology,Maharashtra,Mumbai,2022-23,Amount received (INR),59317543.0,value in Rupees
2024,Overall,IR-O-U-0308,Institute of Chemical Technology,Maharashtra,Mumbai,2021-22,Amount received (INR),46707272.0,value in Rupees
2024,Overall,IR-O-U-0308,Institute of Chemical Technology,Maharashtra,Mumbai,2020-21,Amount received (INR),35177584.0,value in Rupees
2024,Overall,IR-O-U-0448,Bharathidasan University,Tamil Nadu,Tiruchchirappalli,2022-23,Number of sponsored projects,60.0,value in Absolute Number
2024,Overall,IR-O-U-0448,Bharathidasan University,Tamil Nadu,Tiruchchirappalli,2021-22,Number of sponsored projects,59.0,value in Absolute Number
2024,Overall,IR-O-U-0448,Bharathidasan University,Tamil Nadu,Tiruchchirappalli,2020-21,Number of sponsored projects,41.0,value in Absolute Number
2024,Overall,IR-O-U-0448,Bharathidasan University,Tamil Nadu,Tiruchchirappalli,2022-23,Amount received (INR),348595849.0,value in Rupees
2024,Overall,IR-O-U-0448,Bharathidasan University,Tamil Nadu,Tiruchchirappalli,2021-22,Amount received (INR),288930305.0,value in Rupees
2024,Overall,IR-O-U-0448,Bharathidasan University,Tamil Nadu,Tiruchchirappalli,2020-21,Amount received (INR),293946299.0,value in Rupees
2024,Overall,IR-O-U-0448,Bharathidasan University,Tamil Nadu,Tiruchchirappalli,2022-23,Amount received (INR),2856450.0,value in Rupees
2024,Overall,IR-O-U-0448,Bharathidasan University,Tamil Nadu,Tiruchchirappalli,2021-22,Amount received (INR),1124500.0,value in Rupees
2024,Overall,IR-O-U-0448,Bharathidasan University,Tamil Nadu,Tiruchchirappalli,2020-21,Amount received (INR),894356.0,value in Rupees
2024,Overall,IR-O-U-0237,National Institute of Technology Karnataka,Karnataka,Mangaluru,2022-23,Number of sponsored projects,200.0,value in Absolute Number
2024,Overall,IR-O-U-0237,National Institute of Technology Karnataka,Karnataka,Mangaluru,2021-22,Number of sponsored projects,222.0,value in Absolute Number
2024,Overall,IR-O-U-0237,National Institute of Technology Karnataka,Karnataka,Mangaluru,2020-21,Number of sponsored projects,226.0,value in Absolute Number
2024,Overall,IR-O-U-0237,National Institute of Technology Karnataka,Karnataka,Mangaluru,2022-23,Amount received (INR),175048330.0,value in Rupees
2024,Overall,IR-O-U-0237,National Institute of Technology Karnataka,Karnataka,Mangaluru,2021-22,Amount received (INR),476809314.0,value in Rupees
2024,Overall,IR-O-U-0237,National Institute of Technology Karnataka,Karnataka,Mangaluru,2020-21,Amount received (INR),460614368.0,value in Rupees
2024,Overall,IR-O-U-0237,National Institute of Technology Karnataka,Karnataka,Mangaluru,2022-23,Amount received (INR),234728359.0,value in Rupees
2024,Overall,IR-O-U-0237,National Institute of Technology Karnataka,Karnataka,Mangaluru,2021-22,Amount received (INR),128792413.0,value in Rupees
2024,Overall,IR-O-U-0237,National Institute of Technology Karnataka,Karnataka,Mangaluru,2020-21,Amount received (INR),148151968.0,value in Rupees
2024,Overall,IR-O-U-0447,Bharathiar University,Tamil Nadu,Coimbatore,2022-23,Number of sponsored projects,110.0,value in Absolute Number
2024,Overall,IR-O-U-0447,Bharathiar University,Tamil Nadu,Coimbatore,2021-22,Number of sponsored projects,106.0,value in Absolute Number
2024,Overall,IR-O-U-0447,Bharathiar University,Tamil Nadu,Coimbatore,2020-21,Number of sponsored projects,121.0,value in Absolute Number
2024,Overall,IR-O-U-0447,Bharathiar University,Tamil Nadu,Coimbatore,2022-23,Amount received (INR),136859509.0,value in Rupees
2024,Overall,IR-O-U-0447,Bharathiar University,Tamil Nadu,Coimbatore,2021-22,Amount received (INR),313507185.0,value in Rupees
2024,Overall,IR-O-U-0447,Bharathiar University,Tamil Nadu,Coimbatore,2020-21,Amount received (INR),276574930.0,value in Rupees
2024,Overall,IR-O-U-0447,Bharathiar University,Tamil Nadu,Coimbatore,2022-23,Amount received (INR),899420.0,value in Rupees
2024,Overall,IR-O-U-0447,Bharathiar University,Tamil Nadu,Coimbatore,2021-22,Amount received (INR),5916500.0,value in Rupees
2024,Overall,IR-O-U-0447,Bharathiar University,Tamil Nadu,Coimbatore,2020-21,Amount received (INR),5903500.0,value in Rupees
2024,Overall,IR-O-U-0025,National Institute of Technology Warangal,,Warangal,2022-23,Number of sponsored projects,220.0,value in Absolute Number
2024,Overall,IR-O-U-0025,National Institute of Technology Warangal,,Warangal,2021-22,Number of sponsored projects,52.0,value in Absolute Number
2024,Overall,IR-O-U-0025,National Institute of Technology Warangal,,Warangal,2020-21,Number of sponsored projects,64.0,value in Absolute Number
2024,Overall,IR-O-U-0025,National Institute of Technology Warangal,,Warangal,2022-23,Amount received (INR),158746698.0,value in Rupees
2024,Overall,IR-O-U-0025,National Institute of Technology Warangal,,Warangal,2021-22,Amount received (INR),87901729.0,value in Rupees
2024,Overall,IR-O-U-0025,National Institute of Technology Warangal,,Warangal,2020-21,Amount received (INR),73568799.0,value in Rupees
2024,Overall,IR-O-U-0025,National Institute of Technology Warangal,,Warangal,2022-23,Amount received (INR),29328619.0,value in Rupees
2024,Overall,IR-O-U-0025,National Institute of Technology Warangal,,Warangal,2021-22,Amount received (INR),17252743.0,value in Rupees
2024,Overall,IR-O-U-0025,National Institute of Technology Warangal,,Warangal,2020-21,Amount received (INR),14255857.0,value in Rupees
2024,Overall,IR-O-U-0523,King George's Medical University,Uttar Pradesh,Lucknow,2022-23,Number of sponsored projects,289.0,value in Absolute Number
2024,Overall,IR-O-U-0523,King George's Medical University,Uttar Pradesh,Lucknow,2021-22,Number of sponsored projects,239.0,value in Absolute Number
2024,Overall,IR-O-U-0523,King George's Medical University,Uttar Pradesh,Lucknow,2020-21,Number of sponsored projects,237.0,value in Absolute Number
2024,Overall,IR-O-U-0523,King George's Medical University,Uttar Pradesh,Lucknow,2022-23,Amount received (INR),213985456.0,value in Rupees
2024,Overall,IR-O-U-0523,King George's Medical University,Uttar Pradesh,Lucknow,2021-22,Amount received (INR),256845590.0,value in Rupees
2024,Overall,IR-O-U-0523,King George's Medical University,Uttar Pradesh,Lucknow,2020-21,Amount received (INR),215619158.0,value in Rupees
2024,Overall,IR-O-U-0523,King George's Medical University,Uttar Pradesh,Lucknow,2022-23,Amount received (INR),15770935.0,value in Rupees
2024,Overall,IR-O-U-0523,King George's Medical University,Uttar Pradesh,Lucknow,2021-22,Amount received (INR),19095902.0,value in Rupees
2024,Overall,IR-O-U-0523,King George's Medical University,Uttar Pradesh,Lucknow,2020-21,Amount received (INR),30100000.0,value in Rupees
2024,Overall,IR-O-U-0381,Punjab Agricultural University,,Ludhiana,2022-23,Number of sponsored projects,480.0,value in Absolute Number
2024,Overall,IR-O-U-0381,Punjab Agricultural University,,Ludhiana,2021-22,Number of sponsored projects,545.0,value in Absolute Number
2024,Overall,IR-O-U-0381,Punjab Agricultural University,,Ludhiana,2020-21,Number of sponsored projects,545.0,value in Absolute Number
2024,Overall,IR-O-U-0381,Punjab Agricultural University,,Ludhiana,2022-23,Amount received (INR),1273130173.0,value in Rupees
2024,Overall,IR-O-U-0381,Punjab Agricultural University,,Ludhiana,2021-22,Amount received (INR),1335712951.0,value in Rupees
2024,Overall,IR-O-U-0381,Punjab Agricultural University,,Ludhiana,2020-21,Amount received (INR),1244615279.0,value in Rupees
2024,Overall,IR-O-U-0381,Punjab Agricultural University,,Ludhiana,2022-23,Amount received (INR),2076100.0,value in Rupees
2024,Overall,IR-O-U-0381,Punjab Agricultural University,,Ludhiana,2021-22,Amount received (INR),52877.0,value in Rupees
2024,Overall,IR-O-U-0381,Punjab Agricultural University,,Ludhiana,2020-21,Amount received (INR),336139.0,value in Rupees
2024,Overall,IR-O-U-0686,All India Institute of Medical Sciences Bhopal,Madhya Pradesh,Bhopal,2022-23,Number of sponsored projects,45.0,value in Absolute Number
2024,Overall,IR-O-U-0686,All India Institute of Medical Sciences Bhopal,Madhya Pradesh,Bhopal,2021-22,Number of sponsored projects,38.0,value in Absolute Number
2024,Overall,IR-O-U-0686,All India Institute of Medical Sciences Bhopal,Madhya Pradesh,Bhopal,2020-21,Number of sponsored projects,43.0,value in Absolute Number
2024,Overall,IR-O-U-0686,All India Institute of Medical Sciences Bhopal,Madhya Pradesh,Bhopal,2022-23,Amount received (INR),317324105.0,value in Rupees
2024,Overall,IR-O-U-0686,All India Institute of Medical Sciences Bhopal,Madhya Pradesh,Bhopal,2021-22,Amount received (INR),261627550.0,value in Rupees
2024,Overall,IR-O-U-0686,All India Institute of Medical Sciences Bhopal,Madhya Pradesh,Bhopal,2020-21,Amount received (INR),321659711.0,value in Rupees
2024,Overall,IR-O-U-0686,All India Institute of Medical Sciences Bhopal,Madhya Pradesh,Bhopal,2022-23,Amount received (INR),276287702.0,value in Rupees
2024,Overall,IR-O-U-0686,All India Institute of Medical Sciences Bhopal,Madhya Pradesh,Bhopal,2021-22,Amount received (INR),0.0,value in Rupees
2024,Overall,IR-O-U-0686,All India Institute of Medical Sciences Bhopal,Madhya Pradesh,Bhopal,2020-21,Amount received (INR),0.0,value in Rupees
2024,Overall,IR-O-U-0689,All India Institute of Medical Sciences Raipur,Chhattisgarh,Raipur,2022-23,Number of sponsored projects,27.0,value in Absolute Number
2024,Overall,IR-O-U-0689,All India Institute of Medical Sciences Raipur,Chhattisgarh,Raipur,2021-22,Number of sponsored projects,42.0,value in Absolute Number
2024,Overall,IR-O-U-0689,All India Institute of Medical Sciences Raipur,Chhattisgarh,Raipur,2020-21,Number of sponsored projects,20.0,value in Absolute Number
2024,Overall,IR-O-U-0689,All India Institute of Medical Sciences Raipur,Chhattisgarh,Raipur,2022-23,Amount received (INR),53193663.0,value in Rupees
2024,Overall,IR-O-U-0689,All India Institute of Medical Sciences Raipur,Chhattisgarh,Raipur,2021-22,Amount received (INR),84680774.0,value in Rupees
2024,Overall,IR-O-U-0689,All India Institute of Medical Sciences Raipur,Chhattisgarh,Raipur,2020-21,Amount received (INR),127064814.0,value in Rupees
2024,Overall,IR-O-U-0689,All India Institute of Medical Sciences Raipur,Chhattisgarh,Raipur,2022-23,Amount received (INR),0.0,value in Rupees
2024,Overall,IR-O-U-0689,All India Institute of Medical Sciences Raipur,Chhattisgarh,Raipur,2021-22,Amount received (INR),0.0,value in Rupees
2024,Overall,IR-O-U-0689,All India Institute of Medical Sciences Raipur,Chhattisgarh,Raipur,2020-21,Amount received (INR),0.0,value in Rupees
2024,Overall,IR-O-U-0253,Cochin University of Science and Technology,,Ernakulam,2022-23,Number of sponsored projects,139.0,value in Absolute Number
2024,Overall,IR-O-U-0253,Cochin University of Science and Technology,,Ernakulam,2021-22,Number of sponsored projects,115.0,value in Absolute Number
2024,Overall,IR-O-U-0253,Cochin University of Science and Technology,,Ernakulam,2020-21,Number of sponsored projects,73.0,value in Absolute Number
2024,Overall,IR-O-U-0253,Cochin University of Science and Technology,,Ernakulam,2022-23,Amount received (INR),853721689.0,value in Rupees
2024,Overall,IR-O-U-0253,Cochin University of Science and Technology,,Ernakulam,2021-22,Amount received (INR),108458653.0,value in Rupees
2024,Overall,IR-O-U-0253,Cochin University of Science and Technology,,Ernakulam,2020-21,Amount received (INR),119243214.0,value in Rupees
2024,Overall,IR-O-U-0253,Cochin University of Science and Technology,,Ernakulam,2022-23,Amount received (INR),55362425.0,value in Rupees
2024,Overall,IR-O-U-0253,Cochin University of Science and Technology,,Ernakulam,2021-22,Amount received (INR),37197507.0,value in Rupees
2024,Overall,IR-O-U-0253,Cochin University of Science and Technology,,Ernakulam,2020-21,Amount received (INR),52962828.0,value in Rupees
2024,Overall,IR-O-U-0368,Jawaharlal Institute of Post Graduate Medical Education and Research,,Puducherry,2022-23,Number of sponsored projects,119.0,value in Absolute Number
2024,Overall,IR-O-U-0368,Jawaharlal Institute of Post Graduate Medical Education and Research,,Puducherry,2021-22,Number of sponsored projects,129.0,value in Absolute Number
2024,Overall,IR-O-U-0368,Jawaharlal Institute of Post Graduate Medical Education and Research,,Puducherry,2020-21,Number of sponsored projects,95.0,value in Absolute Number
2024,Overall,IR-O-U-0368,Jawaharlal Institute of Post Graduate Medical Education and Research,,Puducherry,2022-23,Amount received (INR),159947362.0,value in Rupees
2024,Overall,IR-O-U-0368,Jawaharlal Institute of Post Graduate Medical Education and Research,,Puducherry,2021-22,Amount received (INR),151282823.0,value in Rupees
2024,Overall,IR-O-U-0368,Jawaharlal Institute of Post Graduate Medical Education and Research,,Puducherry,2020-21,Amount received (INR),111391478.0,value in Rupees
2024,Overall,IR-O-U-0368,Jawaharlal Institute of Post Graduate Medical Education and Research,,Puducherry,2022-23,Amount received (INR),0.0,value in Rupees
2024,Overall,IR-O-U-0368,Jawaharlal Institute of Post Graduate Medical Education and Research,,Puducherry,2021-22,Amount received (INR),0.0,value in Rupees
2024,Overall,IR-O-U-0368,Jawaharlal Institute of Post Graduate Medical Education and Research,,Puducherry,2020-21,Amount received (INR),0.0,value in Rupees
2024,Overall,IR-O-U-0577,National Institute of Technology Durgapur,,Durgapur,2022-23,Number of sponsored projects,155.0,value in Absolute Number
2024,Overall,IR-O-U-0577,National Institute of Technology Durgapur,,Durgapur,2021-22,Number of sponsored projects,129.0,value in Absolute Number
2024,Overall,IR-O-U-0577,National Institute of Technology Durgapur,,Durgapur,2020-21,Number of sponsored projects,97.0,value in Absolute Number
2024,Overall,IR-O-U-0577,National Institute of Technology Durgapur,,Durgapur,2022-23,Amount received (INR),198400199.0,value in Rupees
2024,Overall,IR-O-U-0577,National Institute of Technology Durgapur,,Durgapur,2021-22,Amount received (INR),142172532.0,value in Rupees
2024,Overall,IR-O-U-0577,National Institute of Technology Durgapur,,Durgapur,2020-21,Amount received (INR),103690269.0,value in Rupees
2024,Overall,IR-O-U-0577,National Institute of Technology Durgapur,,Durgapur,2022-23,Amount received (INR),29756368.0,value in Rupees
2024,Overall,IR-O-U-0577,National Institute of Technology Durgapur,,Durgapur,2021-22,Amount received (INR),21777093.0,value in Rupees
2024,Overall,IR-O-U-0577,National Institute of Technology Durgapur,,Durgapur,2020-21,Amount received (INR),22233236.0,value in Rupees
2024,Overall,IR-O-U-0107,Jamia Hamdard,,New Delhi,2022-23,Number of sponsored projects,133.0,value in Absolute Number
2024,Overall,IR-O-U-0107,Jamia Hamdard,,New Delhi,2021-22,Number of sponsored projects,132.0,value in Absolute Number
2024,Overall,IR-O-U-0107,Jamia Hamdard,,New Delhi,2020-21,Number of sponsored projects,117.0,value in Absolute Number
2024,Overall,IR-O-U-0107,Jamia Hamdard,,New Delhi,2022-23,Amount received (INR),224794060.0,value in Rupees
2024,Overall,IR-O-U-0107,Jamia Hamdard,,New Delhi,2021-22,Amount received (INR),231920100.0,value in Rupees
2024,Overall,IR-O-U-0107,Jamia Hamdard,,New Delhi,2020-21,Amount received (INR),342615549.0,value in Rupees
2024,Overall,IR-O-U-0107,Jamia Hamdard,,New Delhi,2022-23,Amount received (INR),34725207.0,value in Rupees
2024,Overall,IR-O-U-0107,Jamia Hamdard,,New Delhi,2021-22,Amount received (INR),47663442.0,value in Rupees
2024,Overall,IR-O-U-0107,Jamia Hamdard,,New Delhi,2020-21,Amount received (INR),74938045.0,value in Rupees
2024,Overall,IR-O-U-0196,University of Kashmir,,Srinagar,2022-23,Number of sponsored projects,84.0,value in Absolute Number
2024,Overall,IR-O-U-0196,University of Kashmir,,Srinagar,2021-22,Number of sponsored projects,108.0,value in Absolute Number
2024,Overall,IR-O-U-0196,University of Kashmir,,Srinagar,2020-21,Number of sponsored projects,82.0,value in Absolute Number
2024,Overall,IR-O-U-0196,University of Kashmir,,Srinagar,2022-23,Amount received (INR),132519953.0,value in Rupees
2024,Overall,IR-O-U-0196,University of Kashmir,,Srinagar,2021-22,Amount received (INR),374644089.0,value in Rupees
2024,Overall,IR-O-U-0196,University of Kashmir,,Srinagar,2020-21,Amount received (INR),409105202.0,value in Rupees
2024,Overall,IR-O-U-0196,University of Kashmir,,Srinagar,2022-23,Amount received (INR),11266280.0,value in Rupees
2024,Overall,IR-O-U-0196,University of Kashmir,,Srinagar,2021-22,Amount received (INR),16868390.0,value in Rupees
2024,Overall,IR-O-U-0196,University of Kashmir,,Srinagar,2020-21,Amount received (INR),53290718.0,value in Rupees
2024,Overall,IR-O-I-1486,Sri Ramachandra Institute of Higher Education and Research,Tamil Nadu,Porur,2022-23,Number of sponsored projects,299.0,value in Absolute Number
2024,Overall,IR-O-I-1486,Sri Ramachandra Institute of Higher Education and Research,Tamil Nadu,Porur,2021-22,Number of sponsored projects,344.0,value in Absolute Number
2024,Overall,IR-O-I-1486,Sri Ramachandra Institute of Higher Education and Research,Tamil Nadu,Porur,2020-21,Number of sponsored projects,227.0,value in Absolute Number
2024,Overall,IR-O-I-1486,Sri Ramachandra Institute of Higher Education and Research,Tamil Nadu,Porur,2022-23,Amount received (INR),582743692.0,value in Rupees
2024,Overall,IR-O-I-1486,Sri Ramachandra Institute of Higher Education and Research,Tamil Nadu,Porur,2021-22,Amount received (INR),159991467.0,value in Rupees
2024,Overall,IR-O-I-1486,Sri Ramachandra Institute of Higher Education and Research,Tamil Nadu,Porur,2020-21,Amount received (INR),233225319.0,value in Rupees
2024,Overall,IR-O-I-1486,Sri Ramachandra Institute of Higher Education and Research,Tamil Nadu,Porur,2022-23,Amount received (INR),121449226.0,value in Rupees
2024,Overall,IR-O-I-1486,Sri Ramachandra Institute of Higher Education and Research,Tamil Nadu,Porur,2021-22,Amount received (INR),39539435.0,value in Rupees
2024,Overall,IR-O-I-1486,Sri Ramachandra Institute of Higher Education and Research,Tamil Nadu,Porur,2020-21,Amount received (INR),100454863.0,value in Rupees
2024,Research,IR-R-U-0713,Academy of Scientific and Innovative Research,Uttar Pradesh,Ghaziabad,2022-23,Number of sponsored projects,1439.0,value in Absolute Number
2024,Research,IR-R-U-0713,Academy of Scientific and Innovative Research,Uttar Pradesh,Ghaziabad,2021-22,Number of sponsored projects,1496.0,value in Absolute Number
2024,Research,IR-R-U-0713,Academy of Scientific and Innovative Research,Uttar Pradesh,Ghaziabad,2020-21,Number of sponsored projects,1633.0,value in Absolute Number
2024,Research,IR-R-U-0713,Academy of Scientific and Innovative Research,Uttar Pradesh,Ghaziabad,2022-23,Amount received (INR),6178341695.0,value in Rupees
2024,Research,IR-R-U-0713,Academy of Scientific and Innovative Research,Uttar Pradesh,Ghaziabad,2021-22,Amount received (INR),9993248034.0,value in Rupees
2024,Research,IR-R-U-0713,Academy of Scientific and Innovative Research,Uttar Pradesh,Ghaziabad,2020-21,Amount received (INR),9977613803.0,value in Rupees
2024,Medical,IR-D-C-7242,"Kasturba Medical College, Manipal",,Manipal,2022-23,Number of sponsored projects,325.0,value in Absolute Number
2024,Medical,IR-D-C-7242,"Kasturba Medical College, Manipal",,Manipal,2021-22,Number of sponsored projects,288.0,value in Absolute Number
2024,Medical,IR-D-C-7242,"Kasturba Medical College, Manipal",,Manipal,2020-21,Number of sponsored projects,135.0,value in Absolute Number
2024,Medical,IR-D-C-7242,"Kasturba Medical College, Manipal",,Manipal,2022-23,Amount received (INR),943511005.0,value in Rupees
2024,Medical,IR-D-C-7242,"Kasturba Medical College, Manipal",,Manipal,2021-22,Amount received (INR),659885560.0,value in Rupees
2024,Medical,IR-D-C-7242,"Kasturba Medical College, Manipal",,Manipal,2020-21,Amount received (INR),384891518.0,value in Rupees
2024,Engineering,IR-E-U-0584,"Indian Institute of Engineering Science and Technology, Shibpur",,Howrah,2022-23,Number of sponsored projects,45.0,value in Absolute Number
2024,Engineering,IR-E-U-0584,"Indian Institute of Engineering Science and Technology, Shibpur",,Howrah,2021-22,Number of sponsored projects,17.0,value in Absolute Number
2024,Engineering,IR-E-U-0584,"Indian Institute of Engineering Science and Technology, Shibpur",,Howrah,2020-21,Number of sponsored projects,43.0,value in Absolute Number
2024,Engineering,IR-E-U-0584,"Indian Institute of Engineering Science and Technology, Shibpur",,Howrah,2022-23,Amount received (INR),23583585.0,value in Rupees
2024,Engineering,IR-E-U-0584,"Indian Institute of Engineering Science and Technology, Shibpur",,Howrah,2021-22,Amount received (INR),60087711.0,value in Rupees
2024,Engineering,IR-E-U-0584,"Indian Institute of Engineering Science and Technology, Shibpur",,Howrah,2020-21,Amount received (INR),76444297.0,value in Rupees
2024,Medical,IR-D-C-29209,Christian Medical College,Punjab,Ludhiana,2022-23,Number of sponsored projects,29.0,value in Absolute Number
2024,Medical,IR-D-C-29209,Christian Medical College,Punjab,Ludhiana,2021-22,Number of sponsored projects,25.0,value in Absolute Number
2024,Medical,IR-D-C-29209,Christian Medical College,Punjab,Ludhiana,2020-21,Number of sponsored projects,23.0,value in Absolute Number
2024,Medical,IR-D-C-29209,Christian Medical College,Punjab,Ludhiana,2022-23,Amount received (INR),185335692.0,value in Rupees
2024,Medical,IR-D-C-29209,Christian Medical College,Punjab,Ludhiana,2021-22,Amount received (INR),174552473.0,value in Rupees
2024,Medical,IR-D-C-29209,Christian Medical College,Punjab,Ludhiana,2020-21,Amount received (INR),136262224.0,value in Rupees
2024,Engineering,IR-E-U-0017,"Jawaharlal Nehru Technological University, Hyderabad",Telangana,Hyderabad,2022-23,Number of sponsored projects,33.0,value in Absolute Number
2024,Engineering,IR-E-U-0017,"Jawaharlal Nehru Technological University, Hyderabad",Telangana,Hyderabad,2021-22,Number of sponsored projects,32.0,value in Absolute Number
2024,Engineering,IR-E-U-0017,"Jawaharlal Nehru Technological University, Hyderabad",Telangana,Hyderabad,2020-21,Number of sponsored projects,25.0,value in Absolute Number
2024,Engineering,IR-E-U-0017,"Jawaharlal Nehru Technological University, Hyderabad",Telangana,Hyderabad,2022-23,Amount received (INR),284538122.0,value in Rupees
2024,Engineering,IR-E-U-0017,"Jawaharlal Nehru Technological University, Hyderabad",Telangana,Hyderabad,2021-22,Amount received (INR),225031022.0,value in Rupees
2024,Engineering,IR-E-U-0017,"Jawaharlal Nehru Technological University, Hyderabad",Telangana,Hyderabad,2020-21,Amount received (INR),195297042.0,value in Rupees
2024,Medical,IR-D-U-0690,All India Institute of Medical Sciences Raipur,Chhattisgarh,Raipur,2022-23,Number of sponsored projects,71.0,value in Absolute Number
2024,Medical,IR-D-U-0690,All India Institute of Medical Sciences Raipur,Chhattisgarh,Raipur,2021-22,Number of sponsored projects,34.0,value in Absolute Number
2024,Medical,IR-D-U-0690,All India Institute of Medical Sciences Raipur,Chhattisgarh,Raipur,2020-21,Number of sponsored projects,128.0,value in Absolute Number
2024,Medical,IR-D-U-0690,All India Institute of Medical Sciences Raipur,Chhattisgarh,Raipur,2022-23,Amount received (INR),54064097.0,value in Rupees
2024,Medical,IR-D-U-0690,All India Institute of Medical Sciences Raipur,Chhattisgarh,Raipur,2021-22,Amount received (INR),46656008.0,value in Rupees
2024,Medical,IR-D-U-0690,All India Institute of Medical Sciences Raipur,Chhattisgarh,Raipur,2020-21,Amount received (INR),134330000.0,value in Rupees
2024,Pharmacy,IR-P-U-0392,Central University of Rajasthan,,Ajmer,2022-23,Number of sponsored projects,10.0,value in Absolute Number
2024,Pharmacy,IR-P-U-0392,Central University of Rajasthan,,Ajmer,2021-22,Number of sponsored projects,3.0,value in Absolute Number
2024,Pharmacy,IR-P-U-0392,Central University of Rajasthan,,Ajmer,2020-21,Number of sponsored projects,6.0,value in Absolute Number
2024,Pharmacy,IR-P-U-0392,Central University of Rajasthan,,Ajmer,2022-23,Amount received (INR),6156791.0,value in Rupees
2024,Pharmacy,IR-P-U-0392,Central University of Rajasthan,,Ajmer,2021-22,Amount received (INR),2790964.0,value in Rupees
2024,Pharmacy,IR-P-U-0392,Central University of Rajasthan,,Ajmer,2020-21,Amount received (INR),2901501.0,value in Rupees
2024,Overall,IR-O-U-0456,Indian Institute of Technology Madras,Tamil Nadu,Chennai,2022-23,Number of sponsored projects,699.0,value in Absolute Number
2024,Overall,IR-O-U-0456,Indian Institute of Technology Madras,Tamil Nadu,Chennai,2021-22,Number of sponsored projects,576.0,value in Absolute Number
2024,Overall,IR-O-U-0456,Indian Institute of Technology Madras,Tamil Nadu,Chennai,2020-21,Number of sponsored projects,784.0,value in Absolute Number
2024,Overall,IR-O-U-0456,Indian Institute of Technology Madras,Tamil Nadu,Chennai,2022-23,Amount received (INR),5922234509.0,value in Rupees
2024,Overall,IR-O-U-0456,Indian Institute of Technology Madras,Tamil Nadu,Chennai,2021-22,Amount received (INR),5049150727.0,value in Rupees
2024,Overall,IR-O-U-0456,Indian Institute of Technology Madras,Tamil Nadu,Chennai,2020-21,Amount received (INR),4010619249.0,value in Rupees
2024,Engineering,IR-E-U-0355,Indian Institute of Technology Bhubaneswar,Odisha,Bhubaneswar,2022-23,Number of sponsored projects,177.0,value in Absolute Number
2024,Engineering,IR-E-U-0355,Indian Institute of Technology Bhubaneswar,Odisha,Bhubaneswar,2021-22,Number of sponsored projects,171.0,value in Absolute Number
2024,Engineering,IR-E-U-0355,Indian Institute of Technology Bhubaneswar,Odisha,Bhubaneswar,2020-21,Number of sponsored projects,155.0,value in Absolute Number
2024,Engineering,IR-E-U-0355,Indian Institute of Technology Bhubaneswar,Odisha,Bhubaneswar,2022-23,Amount received (INR),91831203.0,value in Rupees
2024,Engineering,IR-E-U-0355,Indian Institute of Technology Bhubaneswar,Odisha,Bhubaneswar,2021-22,Amount received (INR),152520000.0,value in Rupees
2024,Engineering,IR-E-U-0355,Indian Institute of Technology Bhubaneswar,Odisha,Bhubaneswar,2020-21,Amount received (INR),104185000.0,value in Rupees
2024,Engineering,IR-E-U-0878,Indian Institute of Technology Palakkad,Kerala,Palakkad,2022-23,Number of sponsored projects,32.0,value in Absolute Number
2024,Engineering,IR-E-U-0878,Indian Institute of Technology Palakkad,Kerala,Palakkad,2021-22,Number of sponsored projects,28.0,value in Absolute Number
2024,Engineering,IR-E-U-0878,Indian Institute of Technology Palakkad,Kerala,Palakkad,2020-21,Number of sponsored projects,20.0,value in Absolute Number
2024,Engineering,IR-E-U-0878,Indian Institute of Technology Palakkad,Kerala,Palakkad,2022-23,Amount received (INR),86759458.0,value in Rupees
2024,Engineering,IR-E-U-0878,Indian Institute of Technology Palakkad,Kerala,Palakkad,2021-22,Amount received (INR),113796867.0,value in Rupees
2024,Engineering,IR-E-U-0878,Indian Institute of Technology Palakkad,Kerala,Palakkad,2020-21,Amount received (INR),104850811.0,value in Rupees
2024,Engineering,IR-E-U-0844,Indian Institute of Technology Tirupati,Andhra Pradesh,Tirupati,2022-23,Number of sponsored projects,86.0,value in Absolute Number
2024,Engineering,IR-E-U-0844,Indian Institute of Technology Tirupati,Andhra Pradesh,Tirupati,2021-22,Number of sponsored projects,68.0,value in Absolute Number
2024,Engineering,IR-E-U-0844,Indian Institute of Technology Tirupati,Andhra Pradesh,Tirupati,2020-21,Number of sponsored projects,18.0,value in Absolute Number
2024,Engineering,IR-E-U-0844,Indian Institute of Technology Tirupati,Andhra Pradesh,Tirupati,2022-23,Amount received (INR),95722646.0,value in Rupees
2024,Engineering,IR-E-U-0844,Indian Institute of Technology Tirupati,Andhra Pradesh,Tirupati,2021-22,Amount received (INR),105163210.0,value in Rupees
2024,Engineering,IR-E-U-0844,Indian Institute of Technology Tirupati,Andhra Pradesh,Tirupati,2020-21,Amount received (INR),36298998.0,value in Rupees
2024,Engineering,IR-E-U-0946,Indian Institute of Technology Bhilai,Chhattisgarh,Bhilai,2022-23,Number of sponsored projects,73.0,value in Absolute Number
2024,Engineering,IR-E-U-0946,Indian Institute of Technology Bhilai,Chhattisgarh,Bhilai,2021-22,Number of sponsored projects,49.0,value in Absolute Number
2024,Engineering,IR-E-U-0946,Indian Institute of Technology Bhilai,Chhattisgarh,Bhilai,2020-21,Number of sponsored projects,38.0,value in Absolute Number
2024,Engineering,IR-E-U-0946,Indian Institute of Technology Bhilai,Chhattisgarh,Bhilai,2022-23,Amount received (INR),353703993.0,value in Rupees
2024,Engineering,IR-E-U-0946,Indian Institute of Technology Bhilai,Chhattisgarh,Bhilai,2021-22,Amount received (INR),87312153.0,value in Rupees
2024,Engineering,IR-E-U-0946,Indian Institute of Technology Bhilai,Chhattisgarh,Bhilai,2020-21,Amount received (INR),41032264.0,value in Rupees
2024,Engineering,IR-E-U-0906,Indian Institute of Technology Jammu,Jammu and Kashmir,Jammu,2022-23,Number of sponsored projects,74.0,value in Absolute Number
2024,Engineering,IR-E-U-0906,Indian Institute of Technology Jammu,Jammu and Kashmir,Jammu,2021-22,Number of sponsored projects,57.0,value in Absolute Number
2024,Engineering,IR-E-U-0906,Indian Institute of Technology Jammu,Jammu and Kashmir,Jammu,2020-21,Number of sponsored projects,26.0,value in Absolute Number
2024,Engineering,IR-E-U-0906,Indian Institute of Technology Jammu,Jammu and Kashmir,Jammu,2022-23,Amount received (INR),81466560.0,value in Rupees
2024,Engineering,IR-E-U-0906,Indian Institute of Technology Jammu,Jammu and Kashmir,Jammu,2021-22,Amount received (INR),204387863.0,value in Rupees
2024,Engineering,IR-E-U-0906,Indian Institute of Technology Jammu,Jammu and Kashmir,Jammu,2020-21,Amount received (INR),44402508.0,value in Rupees
2024,Medical,IR-D-N-15,All India Institute of Medical Sciences,Delhi,New Delhi,2022-23,Number of sponsored projects,904.0,value in Absolute Number
2024,Medical,IR-D-N-15,All India Institute of Medical Sciences,Delhi,New Delhi,2021-22,Number of sponsored projects,609.0,value in Absolute Number
2024,Medical,IR-D-N-15,All India Institute of Medical Sciences,Delhi,New Delhi,2020-21,Number of sponsored projects,618.0,value in Absolute Number
2024,Medical,IR-D-N-15,All India Institute of Medical Sciences,Delhi,New Delhi,2022-23,Amount received (INR),1970827533.0,value in Rupees
2024,Medical,IR-D-N-15,All India Institute of Medical Sciences,Delhi,New Delhi,2021-22,Amount received (INR),1018179784.0,value in Rupees
2024,Medical,IR-D-N-15,All India Institute of Medical Sciences,Delhi,New Delhi,2020-21,Amount received (INR),1033763736.0,value in Rupees
2024,Overall,IR-O-U-0120,University of Delhi,Delhi,New Delhi,2022-23,Number of sponsored projects,444.0,value in Absolute Number
2024,Overall,IR-O-U-0120,University of Delhi,Delhi,New Delhi,2021-22,Number of sponsored projects,553.0,value in Absolute Number
2024,Overall,IR-O-U-0120,University of Delhi,Delhi,New Delhi,2020-21,Number of sponsored projects,434.0,value in Absolute Number
2024,Overall,IR-O-U-0120,University of Delhi,Delhi,New Delhi,2022-23,Amount received (INR),491071150.0,value in Rupees
2024,Overall,IR-O-U-0120,University of Delhi,Delhi,New Delhi,2021-22,Amount received (INR),555256974.0,value in Rupees
2024,Overall,IR-O-U-0120,University of Delhi,Delhi,New Delhi,2020-21,Amount received (INR),559389437.0,value in Rupees
2024,Overall,IR-O-U-0234,Manipal Academy of Higher Education,Karnataka,Manipal,2022-23,Number of sponsored projects,385.0,value in Absolute Number
2024,Overall,IR-O-U-0234,Manipal Academy of Higher Education,Karnataka,Manipal,2021-22,Number of sponsored projects,356.0,value in Absolute Number
2024,Overall,IR-O-U-0234,Manipal Academy of Higher Education,Karnataka,Manipal,2020-21,Number of sponsored projects,383.0,value in Absolute Number
2024,Overall,IR-O-U-0234,Manipal Academy of Higher Education,Karnataka,Manipal,2022-23,Amount received (INR),350126083.0,value in Rupees
2024,Overall,IR-O-U-0234,Manipal Academy of Higher Education,Karnataka,Manipal,2021-22,Amount received (INR),318223448.0,value in Rupees
2024,Overall,IR-O-U-0234,Manipal Academy of Higher Education,Karnataka,Manipal,2020-21,Amount received (INR),232544804.0,value in Rupees
2024,Research,IR-R-U-0330,Tata Institute of Fundamental Research,,Mumbai,2022-23,Number of sponsored projects,48.0,value in Absolute Number
2024,Research,IR-R-U-0330,Tata Institute of Fundamental Research,,Mumbai,2021-22,Number of sponsored projects,648.0,value in Absolute Number
2024,Research,IR-R-U-0330,Tata Institute of Fundamental Research,,Mumbai,2020-21,Number of sponsored projects,548.0,value in Absolute Number
2024,Research,IR-R-U-0330,Tata Institute of Fundamental Research,,Mumbai,2022-23,Amount received (INR),181548527.0,value in Rupees
2024,Research,IR-R-U-0330,Tata Institute of Fundamental Research,,Mumbai,2021-22,Amount received (INR),983820639.0,value in Rupees
2024,Research,IR-R-U-0330,Tata Institute of Fundamental Research,,Mumbai,2020-21,Amount received (INR),1459131559.0,value in Rupees
2024,Overall,IR-O-U-0042,University of Hyderabad,,Hyderabad,2022-23,Number of sponsored projects,458.0,value in Absolute Number
2024,Overall,IR-O-U-0042,University of Hyderabad,,Hyderabad,2021-22,Number of sponsored projects,378.0,value in Absolute Number
2024,Overall,IR-O-U-0042,University of Hyderabad,,Hyderabad,2020-21,Number of sponsored projects,398.0,value in Absolute Number
2024,Overall,IR-O-U-0042,University of Hyderabad,,Hyderabad,2022-23,Amount received (INR),650934326.0,value in Rupees
2024,Overall,IR-O-U-0042,University of Hyderabad,,Hyderabad,2021-22,Amount received (INR),304072791.0,value in Rupees
2024,Overall,IR-O-U-0042,University of Hyderabad,,Hyderabad,2020-21,Amount received (INR),393003086.0,value in Rupees
2024,Pharmacy,IR-P-U-0443,Annamalai University,Tamil Nadu,Chidambaram,2022-23,Number of sponsored projects,0.0,value in Absolute Number
2024,Pharmacy,IR-P-U-0443,Annamalai University,Tamil Nadu,Chidambaram,2021-22,Number of sponsored projects,0.0,value in Absolute Number
2024,Pharmacy,IR-P-U-0443,Annamalai University,Tamil Nadu,Chidambaram,2020-21,Number of sponsored projects,0.0,value in Absolute Number
2024,Pharmacy,IR-P-U-0443,Annamalai University,Tamil Nadu,Chidambaram,2022-23,Amount received (INR),0.0,value in Rupees
2024,Pharmacy,IR-P-U-0443,Annamalai University,Tamil Nadu,Chidambaram,2021-22,Amount received (INR),0.0,value in Rupees
2024,Pharmacy,IR-P-U-0443,Annamalai University,Tamil Nadu,Chidambaram,2020-21,Amount received (INR),0.0,value in Rupees
2024,Overall,IR-O-U-0217,Christ University,Karnataka,Bengaluru,2022-23,Number of sponsored projects,47.0,value in Absolute Number
2024,Overall,IR-O-U-0217,Christ University,Karnataka,Bengaluru,2021-22,Number of sponsored projects,29.0,value in Absolute Number
2024,Overall,IR-O-U-0217,Christ University,Karnataka,Bengaluru,2020-21,Number of sponsored projects,22.0,value in Absolute Number
2024,Overall,IR-O-U-0217,Christ University,Karnataka,Bengaluru,2022-23,Amount received (INR),32186597.0,value in Rupees
2024,Overall,IR-O-U-0217,Christ University,Karnataka,Bengaluru,2021-22,Amount received (INR),28164497.0,value in Rupees
2024,Overall,IR-O-U-0217,Christ University,Karnataka,Bengaluru,2020-21,Amount received (INR),20072456.0,value in Rupees
2024,Overall,IR-O-U-0497,Amity University,Uttar Pradesh,Noida,2022-23,Number of sponsored projects,121.0,value in Absolute Number
2024,Overall,IR-O-U-0497,Amity University,Uttar Pradesh,Noida,2021-22,Number of sponsored projects,47.0,value in Absolute Number
2024,Overall,IR-O-U-0497,Amity University,Uttar Pradesh,Noida,2020-21,Number of sponsored projects,101.0,value in Absolute Number
2024,Overall,IR-O-U-0497,Amity University,Uttar Pradesh,Noida,2022-23,Amount received (INR),201477096.0,value in Rupees
2024,Overall,IR-O-U-0497,Amity University,Uttar Pradesh,Noida,2021-22,Amount received (INR),60961825.0,value in Rupees
2024,Overall,IR-O-U-0497,Amity University,Uttar Pradesh,Noida,2020-21,Amount received (INR),137014456.0,value in Rupees
2024,University,IR-O-U-0373,Chitkara University,,Chandigarh,2022-23,Number of sponsored projects,19.0,value in Absolute Number
2024,University,IR-O-U-0373,Chitkara University,,Chandigarh,2021-22,Number of sponsored projects,72.0,value in Absolute Number
2024,University,IR-O-U-0373,Chitkara University,,Chandigarh,2020-21,Number of sponsored projects,38.0,value in Absolute Number
2024,University,IR-O-U-0373,Chitkara University,,Chandigarh,2022-23,Amount received (INR),69588064.0,value in Rupees
2024,University,IR-O-U-0373,Chitkara University,,Chandigarh,2021-22,Amount received (INR),222517264.0,value in Rupees
2024,University,IR-O-U-0373,Chitkara University,,Chandigarh,2020-21,Amount received (INR),154449514.0,value in Rupees
2024,Engineering,IR-E-U-0357,National Institute of Technology Rourkela,,Rourkela,2022-23,Number of sponsored projects,82.0,value in Absolute Number
2024,Engineering,IR-E-U-0357,National Institute of Technology Rourkela,,Rourkela,2021-22,Number of sponsored projects,119.0,value in Absolute Number
2024,Engineering,IR-E-U-0357,National Institute of Technology Rourkela,,Rourkela,2020-21,Number of sponsored projects,51.0,value in Absolute Number
2024,Engineering,IR-E-U-0357,National Institute of Technology Rourkela,,Rourkela,2022-23,Amount received (INR),212038115.0,value in Rupees
2024,Engineering,IR-E-U-0357,National Institute of Technology Rourkela,,Rourkela,2021-22,Amount received (INR),204226679.0,value in Rupees
2024,Engineering,IR-E-U-0357,National Institute of Technology Rourkela,,Rourkela,2020-21,Amount received (INR),161575010.0,value in Rupees
2024,Engineering,IR-E-U-0410,Malaviya National Institute of Technology Jaipur,,Jaipur,2022-23,Number of sponsored projects,47.0,value in Absolute Number
2024,Engineering,IR-E-U-0410,Malaviya National Institute of Technology Jaipur,,Jaipur,2021-22,Number of sponsored projects,27.0,value in Absolute Number
2024,Engineering,IR-E-U-0410,Malaviya National Institute of Technology Jaipur,,Jaipur,2020-21,Number of sponsored projects,23.0,value in Absolute Number
2024,Engineering,IR-E-U-0410,Malaviya National Institute of Technology Jaipur,,Jaipur,2022-23,Amount received (INR),112858802.0,value in Rupees
2024,Engineering,IR-E-U-0410,Malaviya National Institute of Technology Jaipur,,Jaipur,2021-22,Amount received (INR),123237780.0,value in Rupees
2024,Engineering,IR-E-U-0410,Malaviya National Institute of Technology Jaipur,,Jaipur,2020-21,Amount received (INR),74562861.0,value in Rupees
2024,Engineering,IR-E-U-0391,"Birla Institute of Technology and Science, Pilani",,Pilāni,2022-23,Number of sponsored projects,190.0,value in Absolute Number
2024,Engineering,IR-E-U-0391,"Birla Institute of Technology and Science, Pilani",,Pilāni,2021-22,Number of sponsored projects,126.0,value in Absolute Number
2024,Engineering,IR-E-U-0391,"Birla Institute of Technology and Science, Pilani",,Pilāni,2020-21,Number of sponsored projects,112.0,value in Absolute Number
2024,Engineering,IR-E-U-0391,"Birla Institute of Technology and Science, Pilani",,Pilāni,2022-23,Amount received (INR),229055816.0,value in Rupees
2024,Engineering,IR-E-U-0391,"Birla Institute of Technology and Science, Pilani",,Pilāni,2021-22,Amount received (INR),167828699.0,value in Rupees
2024,Engineering,IR-E-U-0391,"Birla Institute of Technology and Science, Pilani",,Pilāni,2020-21,Amount received (INR),214544013.0,value in Rupees
2024,Overall,IR-O-I-1357,University of Madras,Tamil Nadu,Chennai,2022-23,Number of sponsored projects,51.0,value in Absolute Number
2024,Overall,IR-O-I-1357,University of Madras,Tamil Nadu,Chennai,2021-22,Number of sponsored projects,180.0,value in Absolute Number
2024,Overall,IR-O-I-1357,University of Madras,Tamil Nadu,Chennai,2020-21,Number of sponsored projects,89.0,value in Absolute Number
2024,Overall,IR-O-I-1357,University of Madras,Tamil Nadu,Chennai,2022-23,Amount received (INR),222156177.0,value in Rupees
2024,Overall,IR-O-I-1357,University of Madras,Tamil Nadu,Chennai,2021-22,Amount received (INR),212005920.0,value in Rupees
2024,Overall,IR-O-I-1357,University of Madras,Tamil Nadu,Chennai,2020-21,Amount received (INR),282233735.0,value in Rupees
2024,Engineering,IR-E-U-0467,National Institute of Technology Tiruchirappalli,,Tiruchchirappalli,2022-23,Number of sponsored projects,46.0,value in Absolute Number
2024,Engineering,IR-E-U-0467,National Institute of Technology Tiruchirappalli,,Tiruchchirappalli,2021-22,Number of sponsored projects,43.0,value in Absolute Number
2024,Engineering,IR-E-U-0467,National Institute of Technology Tiruchirappalli,,Tiruchchirappalli,2020-21,Number of sponsored projects,24.0,value in Absolute Number
2024,Engineering,IR-E-U-0467,National Institute of Technology Tiruchirappalli,,Tiruchchirappalli,2022-23,Amount received (INR),146347187.0,value in Rupees
2024,Engineering,IR-E-U-0467,National Institute of Technology Tiruchirappalli,,Tiruchchirappalli,2021-22,Amount received (INR),165680107.0,value in Rupees
2024,Engineering,IR-E-U-0467,National Institute of Technology Tiruchirappalli,,Tiruchchirappalli,2020-21,Amount received (INR),197466103.0,value in Rupees
2024,Overall,IR-O-U-0006,Andhra University,,Visakhapatnam,2022-23,Number of sponsored projects,87.0,value in Absolute Number
2024,Overall,IR-O-U-0006,Andhra University,,Visakhapatnam,2021-22,Number of sponsored projects,58.0,value in Absolute Number
2024,Overall,IR-O-U-0006,Andhra University,,Visakhapatnam,2020-21,Number of sponsored projects,55.0,value in Absolute Number
2024,Overall,IR-O-U-0006,Andhra University,,Visakhapatnam,2022-23,Amount received (INR),503319397.0,value in Rupees
2024,Overall,IR-O-U-0006,Andhra University,,Visakhapatnam,2021-22,Amount received (INR),325481618.0,value in Rupees
2024,Overall,IR-O-U-0006,Andhra University,,Visakhapatnam,2020-21,Amount received (INR),319426800.0,value in Rupees
2024,Overall,IR-O-U-0474,Sathyabama Institute of Science and Technology,Tamil Nadu,Chennai,2022-23,Number of sponsored projects,158.0,value in Absolute Number
2024,Overall,IR-O-U-0474,Sathyabama Institute of Science and Technology,Tamil Nadu,Chennai,2021-22,Number of sponsored projects,145.0,value in Absolute Number
2024,Overall,IR-O-U-0474,Sathyabama Institute of Science and Technology,Tamil Nadu,Chennai,2020-21,Number of sponsored projects,135.0,value in Absolute Number
2024,Overall,IR-O-U-0474,Sathyabama Institute of Science and Technology,Tamil Nadu,Chennai,2022-23,Amount received (INR),225725203.0,value in Rupees
2024,Overall,IR-O-U-0474,Sathyabama Institute of Science and Technology,Tamil Nadu,Chennai,2021-22,Amount received (INR),214552500.0,value in Rupees
2024,Overall,IR-O-U-0474,Sathyabama Institute of Science and Technology,Tamil Nadu,Chennai,2020-21,Amount received (INR),193542500.0,value in Rupees
2024,University,IR-O-U-0485,Tamil Nadu Agricultural University,,Coimbatore,2022-23,Number of sponsored projects,490.0,value in Absolute Number
2024,University,IR-O-U-0485,Tamil Nadu Agricultural University,,Coimbatore,2021-22,Number of sponsored projects,483.0,value in Absolute Number
2024,University,IR-O-U-0485,Tamil Nadu Agricultural University,,Coimbatore,2020-21,Number of sponsored projects,262.0,value in Absolute Number
2024,University,IR-O-U-0485,Tamil Nadu Agricultural University,,Coimbatore,2022-23,Amount received (INR),909105617.0,value in Rupees
2024,University,IR-O-U-0485,Tamil Nadu Agricultural University,,Coimbatore,2021-22,Amount received (INR),882923878.0,value in Rupees
2024,University,IR-O-U-0485,Tamil Nadu Agricultural University,,Coimbatore,2020-21,Amount received (INR),953966527.0,value in Rupees
2024,Engineering,IR-E-U-0237,National Institute of Technology Karnataka,Karnataka,Mangaluru,2022-23,Number of sponsored projects,200.0,value in Absolute Number
2024,Engineering,IR-E-U-0237,National Institute of Technology Karnataka,Karnataka,Mangaluru,2021-22,Number of sponsored projects,222.0,value in Absolute Number
2024,Engineering,IR-E-U-0237,National Institute of Technology Karnataka,Karnataka,Mangaluru,2020-21,Number of sponsored projects,226.0,value in Absolute Number
2024,Engineering,IR-E-U-0237,National Institute of Technology Karnataka,Karnataka,Mangaluru,2022-23,Amount received (INR),175048330.0,value in Rupees
2024,Engineering,IR-E-U-0237,National Institute of Technology Karnataka,Karnataka,Mangaluru,2021-22,Amount received (INR),476809314.0,value in Rupees
2024,Engineering,IR-E-U-0237,National Institute of Technology Karnataka,Karnataka,Mangaluru,2020-21,Amount received (INR),460614368.0,value in Rupees
2024,Engineering,IR-E-U-0025,National Institute of Technology Warangal,,Warangal,2022-23,Number of sponsored projects,220.0,value in Absolute Number
2024,Engineering,IR-E-U-0025,National Institute of Technology Warangal,,Warangal,2021-22,Number of sponsored projects,52.0,value in Absolute Number
2024,Engineering,IR-E-U-0025,National Institute of Technology Warangal,,Warangal,2020-21,Number of sponsored projects,64.0,value in Absolute Number
2024,Engineering,IR-E-U-0025,National Institute of Technology Warangal,,Warangal,2022-23,Amount received (INR),158746698.0,value in Rupees
2024,Engineering,IR-E-U-0025,National Institute of Technology Warangal,,Warangal,2021-22,Amount received (INR),87901729.0,value in Rupees
2024,Engineering,IR-E-U-0025,National Institute of Technology Warangal,,Warangal,2020-21,Amount received (INR),73568799.0,value in Rupees
2024,University,IR-O-U-0037,Sri Venkateswara University,Andhra Pradesh,Tirumala - Tirupati,2022-23,Number of sponsored projects,12.0,value in Absolute Number
2024,University,IR-O-U-0037,Sri Venkateswara University,Andhra Pradesh,Tirumala - Tirupati,2021-22,Number of sponsored projects,26.0,value in Absolute Number
2024,University,IR-O-U-0037,Sri Venkateswara University,Andhra Pradesh,Tirumala - Tirupati,2020-21,Number of sponsored projects,35.0,value in Absolute Number
2024,University,IR-O-U-0037,Sri Venkateswara University,Andhra Pradesh,Tirumala - Tirupati,2022-23,Amount received (INR),114861147.0,value in Rupees
2024,University,IR-O-U-0037,Sri Venkateswara University,Andhra Pradesh,Tirumala - Tirupati,2021-22,Amount received (INR),99628353.0,value in Rupees
2024,University,IR-O-U-0037,Sri Venkateswara University,Andhra Pradesh,Tirumala - Tirupati,2020-21,Amount received (INR),156144533.0,value in Rupees
2024,University,IR-O-U-0489,Vel Tech Rangarajan Dr. Sagunthala R&D Institute of Science and Technology,,Chennai,2022-23,Number of sponsored projects,20.0,value in Absolute Number
2024,University,IR-O-U-0489,Vel Tech Rangarajan Dr. Sagunthala R&D Institute of Science and Technology,,Chennai,2021-22,Number of sponsored projects,25.0,value in Absolute Number
2024,University,IR-O-U-0489,Vel Tech Rangarajan Dr. Sagunthala R&D Institute of Science and Technology,,Chennai,2020-21,Number of sponsored projects,22.0,value in Absolute Number
2024,University,IR-O-U-0489,Vel Tech Rangarajan Dr. Sagunthala R&D Institute of Science and Technology,,Chennai,2022-23,Amount received (INR),9107567.0,value in Rupees
2024,University,IR-O-U-0489,Vel Tech Rangarajan Dr. Sagunthala R&D Institute of Science and Technology,,Chennai,2021-22,Amount received (INR),22412464.0,value in Rupees
2024,University,IR-O-U-0489,Vel Tech Rangarajan Dr. Sagunthala R&D Institute of Science and Technology,,Chennai,2020-21,Amount received (INR),9234884.0,value in Rupees
2024,Medical,IR-D-U-0523,King George's Medical University,Uttar Pradesh,Lucknow,2022-23,Number of sponsored projects,289.0,value in Absolute Number
2024,Medical,IR-D-U-0523,King George's Medical University,Uttar Pradesh,Lucknow,2021-22,Number of sponsored projects,239.0,value in Absolute Number
2024,Medical,IR-D-U-0523,King George's Medical University,Uttar Pradesh,Lucknow,2020-21,Number of sponsored projects,237.0,value in Absolute Number
2024,Medical,IR-D-U-0523,King George's Medical University,Uttar Pradesh,Lucknow,2022-23,Amount received (INR),213985456.0,value in Rupees
2024,Medical,IR-D-U-0523,King George's Medical University,Uttar Pradesh,Lucknow,2021-22,Amount received (INR),174895395.0,value in Rupees
2024,Medical,IR-D-U-0523,King George's Medical University,Uttar Pradesh,Lucknow,2020-21,Amount received (INR),174721091.0,value in Rupees
2024,University,IR-O-U-0524,University of Lucknow,Uttar Pradesh,Lucknow,2022-23,Number of sponsored projects,140.0,value in Absolute Number
2024,University,IR-O-U-0524,University of Lucknow,Uttar Pradesh,Lucknow,2021-22,Number of sponsored projects,89.0,value in Absolute Number
2024,University,IR-O-U-0524,University of Lucknow,Uttar Pradesh,Lucknow,2020-21,Number of sponsored projects,79.0,value in Absolute Number
2024,University,IR-O-U-0524,University of Lucknow,Uttar Pradesh,Lucknow,2022-23,Amount received (INR),135429154.0,value in Rupees
2024,University,IR-O-U-0524,University of Lucknow,Uttar Pradesh,Lucknow,2021-22,Amount received (INR),96472685.0,value in Rupees
2024,University,IR-O-U-0524,University of Lucknow,Uttar Pradesh,Lucknow,2020-21,Amount received (INR),83260540.0,value in Rupees
2024,Medical,IR-D-U-0687,All India Institute of Medical Sciences Bhopal,Madhya Pradesh,Bhopal,2022-23,Number of sponsored projects,144.0,value in Absolute Number
2024,Medical,IR-D-U-0687,All India Institute of Medical Sciences Bhopal,Madhya Pradesh,Bhopal,2021-22,Number of sponsored projects,85.0,value in Absolute Number
2024,Medical,IR-D-U-0687,All India Institute of Medical Sciences Bhopal,Madhya Pradesh,Bhopal,2020-21,Number of sponsored projects,88.0,value in Absolute Number
2024,Medical,IR-D-U-0687,All India Institute of Medical Sciences Bhopal,Madhya Pradesh,Bhopal,2022-23,Amount received (INR),141200000.0,value in Rupees
2024,Medical,IR-D-U-0687,All India Institute of Medical Sciences Bhopal,Madhya Pradesh,Bhopal,2021-22,Amount received (INR),131224108.0,value in Rupees
2024,Medical,IR-D-U-0687,All India Institute of Medical Sciences Bhopal,Madhya Pradesh,Bhopal,2020-21,Amount received (INR),45493614.0,value in Rupees
2024,Engineering,IR-E-U-0149,Sardar Vallabhbhai National Institute of Technology Surat,Gujarat,Surat,2022-23,Number of sponsored projects,114.0,value in Absolute Number
2024,Engineering,IR-E-U-0149,Sardar Vallabhbhai National Institute of Technology Surat,Gujarat,Surat,2021-22,Number of sponsored projects,86.0,value in Absolute Number
2024,Engineering,IR-E-U-0149,Sardar Vallabhbhai National Institute of Technology Surat,Gujarat,Surat,2020-21,Number of sponsored projects,55.0,value in Absolute Number
2024,Engineering,IR-E-U-0149,Sardar Vallabhbhai National Institute of Technology Surat,Gujarat,Surat,2022-23,Amount received (INR),38312873.0,value in Rupees
2024,Engineering,IR-E-U-0149,Sardar Vallabhbhai National Institute of Technology Surat,Gujarat,Surat,2021-22,Amount received (INR),63076201.0,value in Rupees
2024,Engineering,IR-E-U-0149,Sardar Vallabhbhai National Institute of Technology Surat,Gujarat,Surat,2020-21,Amount received (INR),27526917.0,value in Rupees
2024,Engineering,IR-E-U-0577,National Institute of Technology Durgapur,,Durgapur,2022-23,Number of sponsored projects,155.0,value in Absolute Number
2024,Engineering,IR-E-U-0577,National Institute of Technology Durgapur,,Durgapur,2021-22,Number of sponsored projects,129.0,value in Absolute Number
2024,Engineering,IR-E-U-0577,National Institute of Technology Durgapur,,Durgapur,2020-21,Number of sponsored projects,97.0,value in Absolute Number
2024,Engineering,IR-E-U-0577,National Institute of Technology Durgapur,,Durgapur,2022-23,Amount received (INR),198400199.0,value in Rupees
2024,Engineering,IR-E-U-0577,National Institute of Technology Durgapur,,Durgapur,2021-22,Amount received (INR),142172532.0,value in Rupees
2024,Engineering,IR-E-U-0577,National Institute of Technology Durgapur,,Durgapur,2020-21,Amount received (INR),103690269.0,value in Rupees
2024,Engineering,IR-E-U-0202,"Birla Institute of Technology, Mesra",,Ranchi,2022-23,Number of sponsored projects,42.0,value in Absolute Number
2024,Engineering,IR-E-U-0202,"Birla Institute of Technology, Mesra",,Ranchi,2021-22,Number of sponsored projects,36.0,value in Absolute Number
2024,Engineering,IR-E-U-0202,"Birla Institute of Technology, Mesra",,Ranchi,2020-21,Number of sponsored projects,41.0,value in Absolute Number
2024,Engineering,IR-E-U-0202,"Birla Institute of Technology, Mesra",,Ranchi,2022-23,Amount received (INR),67410204.0,value in Rupees
2024,Engineering,IR-E-U-0202,"Birla Institute of Technology, Mesra",,Ranchi,2021-22,Amount received (INR),71306087.0,value in Rupees
2024,Engineering,IR-E-U-0202,"Birla Institute of Technology, Mesra",,Ranchi,2020-21,Amount received (INR),83506160.0,value in Rupees
2024,Management,IR-M-U-0643,Galgotias University,,Greater Noida,2022-23,Number of sponsored projects,27.0,value in Absolute Number
2024,Management,IR-M-U-0643,Galgotias University,,Greater Noida,2021-22,Number of sponsored projects,26.0,value in Absolute Number
2024,Management,IR-M-U-0643,Galgotias University,,Greater Noida,2020-21,Number of sponsored projects,11.0,value in Absolute Number
2024,Management,IR-M-U-0643,Galgotias University,,Greater Noida,2022-23,Amount received (INR),4117600.0,value in Rupees
2024,Management,IR-M-U-0643,Galgotias University,,Greater Noida,2021-22,Amount received (INR),3719960.0,value in Rupees
2024,Management,IR-M-U-0643,Galgotias University,,Greater Noida,2020-21,Amount received (INR),3505000.0,value in Rupees
2024,Pharmacy,IR-P-U-0383,Punjabi University,Punjab,Patiāla,2022-23,Number of sponsored projects,2.0,value in Absolute Number
2024,Pharmacy,IR-P-U-0383,Punjabi University,Punjab,Patiāla,2021-22,Number of sponsored projects,3.0,value in Absolute Number
2024,Pharmacy,IR-P-U-0383,Punjabi University,Punjab,Patiāla,2020-21,Number of sponsored projects,2.0,value in Absolute Number
2024,Pharmacy,IR-P-U-0383,Punjabi University,Punjab,Patiāla,2022-23,Amount received (INR),1677574.0,value in Rupees
2024,Pharmacy,IR-P-U-0383,Punjabi University,Punjab,Patiāla,2021-22,Amount received (INR),2390320.0,value in Rupees
2024,Pharmacy,IR-P-U-0383,Punjabi University,Punjab,Patiāla,2020-21,Amount received (INR),706360.0,value in Rupees
2024,Overall,IR-O-I-1075,Indian Institute of Technology Kanpur,Uttar Pradesh,Kanpur,2022-23,Number of sponsored projects,1018.0,value in Absolute Number
2024,Overall,IR-O-I-1075,Indian Institute of Technology Kanpur,Uttar Pradesh,Kanpur,2021-22,Number of sponsored projects,991.0,value in Absolute Number
2024,Overall,IR-O-I-1075,Indian Institute of Technology Kanpur,Uttar Pradesh,Kanpur,2020-21,Number of sponsored projects,892.0,value in Absolute Number
2024,Overall,IR-O-I-1075,Indian Institute of Technology Kanpur,Uttar Pradesh,Kanpur,2022-23,Amount received (INR),2151803000.0,value in Rupees
2024,Overall,IR-O-I-1075,Indian Institute of Technology Kanpur,Uttar Pradesh,Kanpur,2021-22,Amount received (INR),2302487100.0,value in Rupees
2024,Overall,IR-O-I-1075,Indian Institute of Technology Kanpur,Uttar Pradesh,Kanpur,2020-21,Amount received (INR),2682497000.0,value in Rupees
2024,Overall,IR-O-I-1074,Indian Institute of Technology Delhi,Delhi,New Delhi,2022-23,Number of sponsored projects,595.0,value in Absolute Number
2024,Overall,IR-O-I-1074,Indian Institute of Technology Delhi,Delhi,New Delhi,2021-22,Number of sponsored projects,728.0,value in Absolute Number
2024,Overall,IR-O-I-1074,Indian Institute of Technology Delhi,Delhi,New Delhi,2020-21,Number of sponsored projects,602.0,value in Absolute Number
2024,Overall,IR-O-I-1074,Indian Institute of Technology Delhi,Delhi,New Delhi,2022-23,Amount received (INR),3334108500.0,value in Rupees
2024,Overall,IR-O-I-1074,Indian Institute of Technology Delhi,Delhi,New Delhi,2021-22,Amount received (INR),3798462730.0,value in Rupees
2024,Overall,IR-O-I-1074,Indian Institute of Technology Delhi,Delhi,New Delhi,2020-21,Amount received (INR),2663882947.0,value in Rupees
2024,Overall,IR-O-U-0013,Indian Institute of Technology Hyderabad,Telangana,Hyderabad,2022-23,Number of sponsored projects,315.0,value in Absolute Number
2024,Overall,IR-O-U-0013,Indian Institute of Technology Hyderabad,Telangana,Hyderabad,2021-22,Number of sponsored projects,84.0,value in Absolute Number
2024,Overall,IR-O-U-0013,Indian Institute of Technology Hyderabad,Telangana,Hyderabad,2020-21,Number of sponsored projects,123.0,value in Absolute Number
2024,Overall,IR-O-U-0013,Indian Institute of Technology Hyderabad,Telangana,Hyderabad,2022-23,Amount received (INR),797745442.0,value in Rupees
2024,Overall,IR-O-U-0013,Indian Institute of Technology Hyderabad,Telangana,Hyderabad,2021-22,Amount received (INR),218555338.0,value in Rupees
2024,Overall,IR-O-U-0013,Indian Institute of Technology Hyderabad,Telangana,Hyderabad,2020-21,Amount received (INR),722577352.0,value in Rupees
2024,Overall,IR-O-U-0064,Indian Institute of Technology Patna,Bihar,Patna,2022-23,Number of sponsored projects,63.0,value in Absolute Number
2024,Overall,IR-O-U-0064,Indian Institute of Technology Patna,Bihar,Patna,2021-22,Number of sponsored projects,40.0,value in Absolute Number
2024,Overall,IR-O-U-0064,Indian Institute of Technology Patna,Bihar,Patna,2020-21,Number of sponsored projects,38.0,value in Absolute Number
2024,Overall,IR-O-U-0064,Indian Institute of Technology Patna,Bihar,Patna,2022-23,Amount received (INR),442548462.0,value in Rupees
2024,Overall,IR-O-U-0064,Indian Institute of Technology Patna,Bihar,Patna,2021-22,Amount received (INR),436466319.0,value in Rupees
2024,Overall,IR-O-U-0064,Indian Institute of Technology Patna,Bihar,Patna,2020-21,Amount received (INR),99813207.0,value in Rupees
2024,Overall,IR-O-U-0378,Indian Institute of Technology Ropar,Punjab,Rupnagar,2022-23,Number of sponsored projects,141.0,value in Absolute Number
2024,Overall,IR-O-U-0378,Indian Institute of Technology Ropar,Punjab,Rupnagar,2021-22,Number of sponsored projects,122.0,value in Absolute Number
2024,Overall,IR-O-U-0378,Indian Institute of Technology Ropar,Punjab,Rupnagar,2020-21,Number of sponsored projects,125.0,value in Absolute Number
2024,Overall,IR-O-U-0378,Indian Institute of Technology Ropar,Punjab,Rupnagar,2022-23,Amount received (INR),552857140.0,value in Rupees
2024,Overall,IR-O-U-0378,Indian Institute of Technology Ropar,Punjab,Rupnagar,2021-22,Amount received (INR),103527107.0,value in Rupees
2024,Overall,IR-O-U-0378,Indian Institute of Technology Ropar,Punjab,Rupnagar,2020-21,Amount received (INR),374032038.0,value in Rupees
2024,Overall,IR-O-U-0184,Indian Institute of Technology Mandi,Himachal Pradesh,Mandi,2022-23,Number of sponsored projects,170.0,value in Absolute Number
2024,Overall,IR-O-U-0184,Indian Institute of Technology Mandi,Himachal Pradesh,Mandi,2021-22,Number of sponsored projects,163.0,value in Absolute Number
2024,Overall,IR-O-U-0184,Indian Institute of Technology Mandi,Himachal Pradesh,Mandi,2020-21,Number of sponsored projects,161.0,value in Absolute Number
2024,Overall,IR-O-U-0184,Indian Institute of Technology Mandi,Himachal Pradesh,Mandi,2022-23,Amount received (INR),156523142.0,value in Rupees
2024,Overall,IR-O-U-0184,Indian Institute of Technology Mandi,Himachal Pradesh,Mandi,2021-22,Amount received (INR),114230547.0,value in Rupees
2024,Overall,IR-O-U-0184,Indian Institute of Technology Mandi,Himachal Pradesh,Mandi,2020-21,Amount received (INR),104309305.0,value in Rupees
2024,Overall,IR-O-U-0078,Panjab University,,Chandigarh,2022-23,Number of sponsored projects,275.0,value in Absolute Number
2024,Overall,IR-O-U-0078,Panjab University,,Chandigarh,2021-22,Number of sponsored projects,261.0,value in Absolute Number
2024,Overall,IR-O-U-0078,Panjab University,,Chandigarh,2020-21,Number of sponsored projects,188.0,value in Absolute Number
2024,Overall,IR-O-U-0078,Panjab University,,Chandigarh,2022-23,Amount received (INR),198419807.0,value in Rupees
2024,Overall,IR-O-U-0078,Panjab University,,Chandigarh,2021-22,Amount received (INR),217853669.0,value in Rupees
2024,Overall,IR-O-U-0078,Panjab University,,Chandigarh,2020-21,Amount received (INR),272785340.0,value in Rupees
